荀恽,安阳公主,丈夫,unknown,unknown
荀],安阳公主,儿子,unknown,unknown
荀J,安阳公主,儿子,unknown,unknown
曹操,安阳公主,父亲,魏,unknown
曹衮,安阳公主,哥哥,unknown,unknown
清河公主,安阳公主,姐姐,unknown,unknown
曹华,安阳公主,姐姐,unknown,unknown
曹宪,安阳公主,姐姐,unknown,unknown
曹嵩,安阳公主,祖父,unknown,unknown
丁氏,安阳公主,祖母,unknown,unknown
荀,安阳公主,公公,魏,unknown
荀,安阳公主,孙子,unknown,unknown
荀悝,安阳公主,孙子,unknown,unknown
曹德,安阳公主,叔父,unknown,unknown
曹楷,安阳公主,侄子,unknown,unknown
曹炳,安阳公主,侄子,unknown,unknown
曹霖,安阳公主,侄子,unknown,unknown
曹范,安阳公主,侄子,unknown,unknown
曹竦,安阳公主,侄子,unknown,unknown
曹,安阳公主,侄子,unknown,unknown
东乡公主,安阳公主,侄女,unknown,unknown
荀粲,安阳公主,小叔子,unknown,unknown
张春华,安阳公主,亲家母,unknown,unknown
关索,鲍三娘,丈夫,蜀,unknown
胡金定,鲍三娘,婆婆,unknown,unknown
鲍邵,鲍信,儿子,unknown,群雄
鲍勋,鲍信,儿子,unknown,群雄
鲍丹,鲍信,父亲,unknown,群雄
鲍韬,鲍信,弟弟,unknown,群雄
曹操,鲍信,好友,魏,群雄
蔡讽,蔡瑁,父亲,unknown,群雄
蔡夫人,蔡瑁,姐姐,unknown,群雄
黄承彦,蔡瑁,姐夫,unknown,群雄
刘表,蔡瑁,姐夫,群雄,群雄
张温,蔡瑁,姑父,unknown,群雄
曹操,蔡瑁,好友,魏,群雄
卫仲道,蔡文姬,丈夫,unknown,unknown
董祀,蔡文姬,丈夫,unknown,unknown
蔡邕,蔡文姬,父亲,unknown,unknown
羊祜,蔡文姬,外甥,unknown,unknown
羊徽瑜,蔡文姬,外甥女,unknown,unknown
蔡贞姬,蔡邕,女儿,unknown,unknown
蔡文姬,蔡邕,女儿,unknown,unknown
蔡睦,蔡邕,孙子,unknown,unknown
羊祜,蔡邕,外孙子,unknown,unknown
羊徽瑜,蔡邕,外孙女,unknown,unknown
卫仲道,蔡邕,女婿,unknown,unknown
羊m,蔡邕,女婿,unknown,unknown
董祀,蔡邕,女婿,unknown,unknown
蔡质,蔡邕,叔父,unknown,unknown
孔融,蔡邕,好友,群雄,unknown
胡广,蔡邕,老师,unknown,unknown
武宣卞皇后,曹操,妻子,unknown,魏
曹昂,曹操,儿子,unknown,魏
曹丕,曹操,儿子,魏,魏
曹彰,曹操,儿子,魏,魏
曹植,曹操,儿子,魏,魏
曹熊,曹操,儿子,unknown,魏
曹铄,曹操,儿子,unknown,魏
曹冲,曹操,儿子,unknown,魏
曹据,曹操,儿子,unknown,魏
曹宇,曹操,儿子,unknown,魏
曹林,曹操,儿子,unknown,魏
曹衮,曹操,儿子,unknown,魏
曹t,曹操,儿子,unknown,魏
曹峻,曹操,儿子,unknown,魏
曹矩,曹操,儿子,unknown,魏
曹干,曹操,儿子,unknown,魏
曹上,曹操,儿子,unknown,魏
曹彪,曹操,儿子,unknown,魏
曹勤,曹操,儿子,unknown,魏
曹乘,曹操,儿子,unknown,魏
曹整,曹操,儿子,unknown,魏
曹京,曹操,儿子,unknown,魏
曹均,曹操,儿子,unknown,魏
曹棘,曹操,儿子,unknown,魏
曹徽,曹操,儿子,unknown,魏
曹茂,曹操,儿子,unknown,魏
曹节,曹操,女儿,unknown,魏
清河公主,曹操,女儿,unknown,魏
金乡公主,曹操,女儿,unknown,魏
曹华,曹操,女儿,unknown,魏
曹宪,曹操,女儿,unknown,魏
安阳公主,曹操,女儿,unknown,魏
曹嵩,曹操,父亲,unknown,魏
丁氏,曹操,母亲,unknown,魏
丁夫人,曹操,前妻,unknown,魏
秦朗,曹操,继子,魏,魏
何晏,曹操,继子,unknown,魏
曹真,曹操,养子,unknown,魏
曹德,曹操,弟弟,unknown,魏
曹腾,曹操,祖父,unknown,魏
吴皇后,曹操,祖母,unknown,魏
卞远,曹操,岳父,unknown,魏
曹蕤,曹操,孙子,unknown,魏
曹,曹操,孙子,unknown,魏
曹协,曹操,孙子,unknown,魏
曹霖,曹操,孙子,unknown,魏
曹楷,曹操,孙子,unknown,魏
曹鉴,曹操,孙子,unknown,魏
曹礼,曹操,孙子,unknown,魏
曹邕,曹操,孙子,unknown,魏
曹操,曹冲,父亲,魏,unknown
环夫人,曹冲,母亲,unknown,unknown
曹丕,曹冲,哥哥,魏,unknown
曹昂,曹冲,哥哥,unknown,unknown
曹植,曹冲,哥哥,魏,unknown
曹彪,曹冲,哥哥,unknown,unknown
曹彰,曹冲,哥哥,魏,unknown
清河公主,曹冲,姐姐,unknown,unknown
孙菀彦,曹冲,妹妹,unknown,unknown
曹嵩,曹冲,祖父,unknown,unknown
丁氏,曹冲,祖母,unknown,unknown
曹德,曹冲,叔父,unknown,unknown
曹蕤,曹冲,侄子,unknown,unknown
郭女王,曹冲,嫂子,unknown,unknown
文昭甄皇后,曹冲,嫂子,unknown,unknown
周不疑,曹冲,好友,unknown,unknown
张皇后,曹芳,妻子,unknown,unknown
甄皇后,曹芳,妻子,unknown,unknown
王皇后,曹芳,妻子,unknown,unknown
曹楷,曹芳,父亲,unknown,unknown
曹,曹芳,养父,unknown,unknown
曹彰,曹芳,祖父,魏,unknown
王夔,曹芳,岳父,unknown,unknown
张缉,曹芳,岳父,unknown,unknown
曹操,曹芳,曾祖父,魏,unknown
武宣卞皇后,曹芳,曾祖母,unknown,unknown
司马懿,曹芳,老师,魏,unknown
曹馥,曹洪,儿子,unknown,魏
荀粲,曹洪,女婿,unknown,魏
曹鼎,曹洪,伯父,unknown,魏
曹丕,曹洪,侄子,魏,魏
曹操,曹洪,堂兄,魏,魏
荀,曹洪,亲家公,魏,魏
陈温,曹洪,好友,unknown,魏
曹丕,曹鉴,父亲,魏,unknown
曹操,曹鉴,祖父,魏,unknown
武宣卞皇后,曹鉴,祖母,unknown,unknown
曹熊,曹鉴,叔父,unknown,unknown
曹彰,曹鉴,叔父,魏,unknown
曹植,曹鉴,叔父,魏,unknown
清河公主,曹鉴,姑母,unknown,unknown
曹节,曹鉴,姑母,unknown,unknown
曹赞,曹林,儿子,unknown,unknown
曹壹,曹林,儿子,unknown,unknown
曹纬,曹林,儿子,unknown,unknown
曹操,曹林,父亲,魏,unknown
杜夫人,曹林,母亲,unknown,unknown
曹昂,曹林,哥哥,unknown,unknown
曹铄,曹林,哥哥,unknown,unknown
曹宇,曹林,哥哥,unknown,unknown
曹丕,曹林,哥哥,魏,unknown
清河公主,曹林,姐姐,unknown,unknown
金乡公主,曹林,妹妹,unknown,unknown
曹嵩,曹林,祖父,unknown,unknown
丁氏,曹林,祖母,unknown,unknown
长乐亭主,曹林,孙女,unknown,unknown
曹德,曹林,叔父,unknown,unknown
曹,曹林,侄子,unknown,unknown
曹协,曹林,侄子,unknown,unknown
曹霖,曹林,侄子,unknown,unknown
东乡公主,曹林,侄女,unknown,unknown
嵇绍,曹林,外曾孙子,unknown,unknown
曹楷,曹仁,儿子,unknown,魏
曹泰,曹仁,儿子,unknown,魏
曹范,曹仁,儿子,unknown,魏
曹炽,曹仁,父亲,unknown,魏
曹纯,曹仁,弟弟,魏,魏
曹褒,曹仁,祖父,unknown,魏
曹初,曹仁,孙子,unknown,魏
曹胤,曹仁,叔父,unknown,魏
曹操,曹仁,堂兄,魏,魏
曹真,曹爽,父亲,unknown,unknown
曹训,曹爽,弟弟,unknown,unknown
曹羲,曹爽,弟弟,unknown,unknown
曹彦,曹爽,弟弟,unknown,unknown
曹邵,曹爽,祖父,unknown,unknown
曹彬,曹爽,叔父,unknown,unknown
德阳乡主,曹爽,姑母,unknown,unknown
夏侯玄,曹爽,表弟,unknown,unknown
夏侯徽,曹爽,表妹,unknown,unknown
曹,曹爽,好友,unknown,unknown
曹真,曹训,父亲,unknown,unknown
曹爽,曹训,哥哥,unknown,unknown
曹羲,曹训,哥哥,unknown,unknown
曹邵,曹训,祖父,unknown,unknown
曹彬,曹训,叔父,unknown,unknown
曹[,曹训,叔父,unknown,unknown
德阳乡主,曹训,姑母,unknown,unknown
曹文叔,曹训,堂弟,unknown,unknown
夏侯玄,曹训,表弟,unknown,unknown
夏侯徽,曹训,表妹,unknown,unknown
王斑,曹颖,丈夫,unknown,unknown
王梓涵,曹颖,儿子,unknown,unknown
张琪瑛,曹宇,妻子,unknown,unknown
曹奂,曹宇,儿子,unknown,unknown
曹操,曹宇,父亲,魏,unknown
环夫人,曹宇,母亲,unknown,unknown
曹昂,曹宇,哥哥,unknown,unknown
清河公主,曹宇,姐姐,unknown,unknown
曹林,曹宇,弟弟,unknown,unknown
曹嵩,曹宇,祖父,unknown,unknown
丁氏,曹宇,祖母,unknown,unknown
张鲁,曹宇,岳父,群雄,unknown
卞皇后,曹宇,儿媳,unknown,unknown
曹德,曹宇,叔父,unknown,unknown
曹彬,曹宇,叔父,unknown,unknown
曹,曹宇,侄子,unknown,unknown
曹协,曹宇,侄子,unknown,unknown
曹蕤,曹宇,侄子,unknown,unknown
曹鉴,曹宇,侄子,unknown,unknown
曹霖,曹宇,侄子,unknown,unknown
曹礼,曹宇,侄子,unknown,unknown
曹邕,曹宇,侄子,unknown,unknown
曹喈,曹宇,侄子,unknown,unknown
曹俨,曹宇,侄子,unknown,unknown
曹贡,曹宇,侄子,unknown,unknown
曹楷,曹宇,侄子,unknown,unknown
曹苗,曹宇,侄子,unknown,unknown
曹志,曹宇,侄子,unknown,unknown
曹炳,曹宇,侄子,unknown,unknown
曹范,曹宇,侄子,unknown,unknown
曹阐,曹宇,侄子,unknown,unknown
曹琮,曹宇,侄子,unknown,unknown
曹壹,曹宇,侄子,unknown,unknown
曹赞,曹宇,侄子,unknown,unknown
曹澳,曹宇,侄子,unknown,unknown
曹纬,曹宇,侄子,unknown,unknown
曹敏,曹宇,侄子,unknown,unknown
曹竦,曹宇,侄子,unknown,unknown
曹琬,曹宇,侄子,unknown,unknown
曹抗,曹宇,侄子,unknown,unknown
东乡公主,曹宇,侄女,unknown,unknown
荀],曹宇,外甥,unknown,unknown
荀J,曹宇,外甥,unknown,unknown
崔妃,曹植,妻子,unknown,魏
曹苗,曹植,儿子,unknown,魏
曹志,曹植,儿子,unknown,魏
曹操,曹植,父亲,魏,魏
武宣卞皇后,曹植,母亲,unknown,魏
曹彰,曹植,哥哥,魏,魏
曹昂,曹植,哥哥,unknown,魏
曹丕,曹植,哥哥,魏,魏
清河公主,曹植,姐姐,unknown,魏
曹熊,曹植,弟弟,unknown,魏
曹冲,曹植,弟弟,unknown,魏
曹彪,曹植,弟弟,unknown,魏
曹上,曹植,弟弟,unknown,魏
曹乘,曹植,弟弟,unknown,魏
曹京,曹植,弟弟,unknown,魏
曹衮,曹植,弟弟,unknown,魏
曹嵩,曹植,祖父,unknown,魏
丁氏,曹植,祖母,unknown,魏
卞远,曹植,外祖父,unknown,魏
曹德,曹植,叔父,unknown,魏
卞秉,曹植,舅父,unknown,魏
曹霖,曹植,侄子,unknown,魏
曹,曹植,侄子,unknown,魏
曹楷,曹植,侄子,unknown,魏
曹贡,曹植,侄子,unknown,魏
曹邕,曹植,侄子,unknown,魏
曹鉴,曹植,侄子,unknown,魏
曹协,曹植,侄子,unknown,魏
曹嘉,曹植,侄子,unknown,魏
曹炳,曹植,侄子,unknown,魏
文昭甄皇后,曹植,嫂子,unknown,魏
杨修,曹植,好友,魏,魏
丁仪,曹植,好友,魏,魏
丁M,曹植,好友,魏,魏
荀恽,曹植,好友,unknown,魏
杨俊,曹植,好友,unknown,魏
吴质,曹植,好友,unknown,魏
邯郸淳,曹植,好友,unknown,魏
曹植,曹志,父亲,魏,unknown
曹苗,曹志,哥哥,unknown,unknown
曹操,曹志,祖父,魏,unknown
曹彰,曹志,伯父,魏,unknown
曹丕,曹志,伯父,魏,unknown
曹熊,曹志,叔父,unknown,unknown
曹干,曹志,叔父,unknown,unknown
曹衮,曹志,叔父,unknown,unknown
清河公主,曹志,姑母,unknown,unknown
郭女王,曹志,伯母,unknown,unknown
文昭甄皇后,曹志,伯母,unknown,unknown
陈群,陈纪,儿子,魏,群雄
陈,陈纪,父亲,unknown,群雄
陈谌,陈纪,弟弟,unknown,群雄
陈泰,陈纪,孙子,unknown,群雄
陈恂,陈纪,曾孙子,unknown,群雄
孔融,陈纪,好友,群雄,群雄
刘备,陈纪,学生,蜀,群雄
陈泰,陈群,儿子,unknown,魏
陈纪,陈群,父亲,群雄,魏
陈,陈群,祖父,unknown,魏
陈恂,陈群,孙子,unknown,魏
陈谌,陈群,叔父,unknown,魏
司马懿,陈群,好友,魏,魏
许靖,陈群,好友,蜀,魏
孔融,陈群,好友,群雄,魏
陈阶,陈寿,儿子,unknown,unknown
陈符,陈寿,侄子,unknown,unknown
陈莅,陈寿,侄子,unknown,unknown
李骧,陈寿,好友,unknown,unknown
谯周,陈寿,老师,unknown,unknown
陈恂,陈泰,儿子,unknown,unknown
陈群,陈泰,父亲,魏,unknown
陈纪,陈泰,祖父,群雄,unknown
荀,陈泰,外祖父,魏,unknown
荀,陈泰,舅父,unknown,unknown
荀恽,陈泰,舅父,unknown,unknown
荀俣,陈泰,舅父,unknown,unknown
荀诜,陈泰,舅父,unknown,unknown
荀粲,陈泰,舅父,unknown,unknown
陈表,陈武,儿子,unknown,吴
陈,陈武,儿子,unknown,吴
陈敖,陈武,孙子,unknown,吴
陈永,陈武,孙子,unknown,吴
陈延,陈武,孙子,unknown,吴
陈济,陈震,儿子,unknown,蜀
程昱,程武,父亲,魏,unknown
孙策,大乔,丈夫,吴,unknown
桥公,大乔,父亲,unknown,unknown
小乔,大乔,妹妹,unknown,unknown
周循,大乔,外甥,unknown,unknown
周妃,大乔,外甥女,unknown,unknown
周瑜,大乔,妹夫,吴,unknown
乔峤,大乔,学生,unknown,unknown
邓忠,邓艾,儿子,unknown,魏
邓朗,邓艾,孙子,unknown,魏
邓朗,邓忠,儿子,unknown,unknown
邓艾,邓忠,父亲,魏,unknown
丁谧,丁斐,儿子,unknown,unknown
丁温,丁奉,儿子,unknown,吴
丁封,丁奉,弟弟,unknown,吴
曹昂,丁夫人,养子,unknown,unknown
曹嵩,丁夫人,公公,unknown,unknown
丁氏,丁夫人,婆婆,unknown,unknown
夏侯霸,丁夫人,外甥,unknown,unknown
丁冲,丁仪,父亲,unknown,魏
丁M,丁仪,弟弟,魏,魏
曹植,丁仪,好友,魏,魏
董君雅,董卓,父亲,unknown,群雄
董擢,董卓,哥哥,unknown,群雄
董F,董卓,弟弟,unknown,群雄
董白,董卓,孙女,unknown,群雄
牛辅,董卓,女婿,群雄,群雄
李儒,董卓,女婿,群雄,群雄
董璜,董卓,侄子,unknown,群雄
吕布,董卓,义子,群雄,群雄
皇甫坚寿,董卓,好友,unknown,群雄
法邈,法正,儿子,unknown,蜀
法真,法正,祖父,unknown,蜀
法雄,法正,曾祖父,unknown,蜀
孟达,法正,好友,unknown,蜀
张松,法正,好友,unknown,蜀
刘备,甘夫人,丈夫,蜀,unknown
刘禅,甘夫人,儿子,蜀,unknown
刘弘,甘夫人,公公,unknown,unknown
吴氏,甘夫人,婆婆,unknown,unknown
刘谌,甘夫人,孙子,unknown,unknown
刘恂,甘夫人,孙子,unknown,unknown
刘v,甘夫人,孙子,unknown,unknown
刘瑶,甘夫人,孙子,unknown,unknown
刘琮,甘夫人,孙子,unknown,unknown
敬哀皇后,甘夫人,儿媳,unknown,unknown
张皇后,甘夫人,儿媳,unknown,unknown
诸葛尚,甘夫人,曾外孙子,unknown,unknown
张飞,甘夫人,亲家公,蜀,unknown
夏侯夫人,甘夫人,亲家母,unknown,unknown
甘瑰,甘宁,儿子,unknown,吴
甘述,甘宁,儿子,unknown,吴
甘卓,甘宁,曾孙子,unknown,吴
苏飞,甘宁,好友,群雄,吴
吕蒙,甘宁,好友,吴,吴
公孙续,公孙瓒,儿子,unknown,群雄
刘纬台,公孙瓒,义弟,unknown,群雄
李移子,公孙瓒,义弟,unknown,群雄
乐何当,公孙瓒,义弟,unknown,群雄
公孙越,公孙瓒,堂弟,unknown,群雄
公孙范,公孙瓒,堂弟,unknown,群雄
卢植,公孙瓒,老师,unknown,群雄
刘宽,公孙瓒,老师,unknown,群雄
刘德然,公孙瓒,同学,unknown,群雄
王邑,公孙瓒,同学,unknown,群雄
傅燮,公孙瓒,同学,unknown,群雄
魏杰,公孙瓒,同学,unknown,群雄
刘备,公孙瓒,师弟,蜀,群雄
顾章志,顾济,儿子,unknown,unknown
关樾,关平,儿子,unknown,蜀
关羽,关平,父亲,蜀,蜀
关兴,关平,弟弟,蜀,蜀
关毅,关平,祖父,unknown,蜀
赵云,关平,岳父,蜀,蜀
关彝,关平,侄子,unknown,蜀
关审,关平,曾祖父,unknown,蜀
李遗,关平,妹夫,unknown,蜀
赵统,关平,大舅子,unknown,蜀
鲍三娘,关索,妻子,unknown,蜀
花N,关索,妻子,unknown,蜀
王悦,关索,妻子,unknown,蜀
王桃,关索,妻子,unknown,蜀
百花公主,关索,妻子,unknown,蜀
关羽,关索,父亲,蜀,蜀
胡金定,关索,母亲,unknown,蜀
关兴,关索,哥哥,蜀,蜀
关银屏,关索,姐姐,unknown,蜀
孟获,关索,岳父,unknown,蜀
祝融夫人,关索,岳母,unknown,蜀
王志,关索,义弟,unknown,蜀
花岳,关索,老师,unknown,蜀
关兴,关羽,儿子,蜀,蜀
关索,关羽,儿子,蜀,蜀
关平,关羽,儿子,蜀,蜀
关银屏,关羽,女儿,unknown,蜀
关毅,关羽,父亲,unknown,蜀
关审,关羽,祖父,unknown,蜀
关统,关羽,孙子,unknown,蜀
关樾,关羽,孙子,unknown,蜀
关彝,关羽,孙子,unknown,蜀
赵云,关羽,亲家公,蜀,蜀
张辽,关羽,好友,魏,蜀
徐晃,关羽,好友,魏,蜀
张飞,关羽,好友,蜀,蜀
刘备,关羽,好友,蜀,蜀
贾充,郭槐,丈夫,unknown,unknown
贾黎民,郭槐,儿子,unknown,unknown
贾南风,郭槐,女儿,unknown,unknown
贾午,郭槐,女儿,unknown,unknown
郭配,郭槐,父亲,unknown,unknown
贾逵,郭槐,公公,魏,unknown
韩谧,郭槐,外孙子,unknown,unknown
韩寿,郭槐,女婿,unknown,unknown
郭淮,郭槐,伯父,魏,unknown
郭奕,郭嘉,儿子,unknown,魏
郭敞,郭嘉,孙子,unknown,魏
郭深,郭嘉,孙子,unknown,魏
郭猎,郭嘉,曾孙子,unknown,魏
曹丕,郭女王,丈夫,魏,unknown
郭永,郭女王,父亲,unknown,unknown
曹,郭女王,继子,unknown,unknown
郭昱,郭女王,姐姐,unknown,unknown
武宣卞皇后,郭女王,婆婆,unknown,unknown
曹志,郭女王,侄子,unknown,unknown
曹苗,郭女王,侄子,unknown,unknown
曹熊,郭女王,小叔子,unknown,unknown
曹冲,郭女王,小叔子,unknown,unknown
曹彰,郭女王,小叔子,魏,unknown
曹彪,郭女王,小叔子,unknown,unknown
郭表,郭女王,堂兄,unknown,unknown
崔妃,郭女王,妯娌,unknown,unknown
郭,郭遵,侄子,unknown,unknown
郭淮,郭遵,曾孙子,魏,unknown
韩综,韩当,儿子,unknown,吴
韩荣,韩浩,养子,unknown,魏
杜阳,韩浩,舅父,unknown,魏
韩当,韩综,父亲,吴,unknown
何真,何进,父亲,unknown,群雄
舞阳君,何进,继母,unknown,群雄
何苗,何进,弟弟,unknown,群雄
灵思皇后,何进,妹妹,unknown,群雄
何晏,何进,孙子,unknown,群雄
刘辩,何进,外甥,unknown,群雄
何恽,何桢,儿子,unknown,unknown
何勖,何桢,儿子,unknown,unknown
刘德升,胡昭,老师,unknown,unknown
锺繇,胡昭,同学,unknown,unknown
吴普,华佗,学生,unknown,unknown
李当之,华佗,学生,unknown,unknown
樊阿,华佗,学生,unknown,unknown
皇甫坚寿,皇甫嵩,儿子,unknown,unknown
皇甫节,皇甫嵩,父亲,unknown,unknown
射援,皇甫嵩,女婿,unknown,unknown
皇甫规,皇甫嵩,叔父,unknown,unknown
皇甫谧,皇甫嵩,曾孙子,unknown,unknown
皇甫规妻,皇甫嵩,婶母,unknown,unknown
皇甫郦,皇甫嵩,从子,unknown,unknown
黄柄,黄盖,儿子,unknown,吴
黄香,黄盖,曾祖父,unknown,吴
黄琼,黄琬,祖父,unknown,unknown
来艳,黄琬,岳父,unknown,unknown
来忠,黄琬,侄子,unknown,unknown
黄香,黄琬,曾祖父,unknown,unknown
来敏,黄琬,小舅子,unknown,unknown
申屠蟠,黄琬,好友,unknown,unknown
黄叙,黄忠,儿子,unknown,蜀
贾充,贾逵,儿子,unknown,魏
贾混,贾逵,儿子,unknown,魏
贾习,贾逵,祖父,unknown,魏
贾黎民,贾逵,孙子,unknown,魏
贾褒,贾逵,孙女,unknown,魏
贾午,贾逵,孙女,unknown,魏
贾南风,贾逵,孙女,unknown,魏
郭槐,贾逵,儿媳,unknown,魏
李婉,贾逵,儿媳,unknown,魏
郭配,贾逵,亲家公,unknown,魏
王凌,贾逵,好友,魏,魏
贾穆,贾诩,儿子,unknown,魏
贾玑,贾诩,儿子,unknown,魏
贾龚,贾诩,父亲,unknown,魏
贾模,贾诩,孙子,unknown,魏
贾延,贾诩,孙子,unknown,魏
贾疋,贾诩,曾孙子,unknown,魏
贾胤,贾诩,曾孙子,unknown,魏
刘备,简雍,好友,蜀,蜀
姜,姜维,父亲,unknown,蜀
钟会,姜维,好友,魏,蜀
诸葛亮,姜维,老师,蜀,蜀
蒋壹,蒋钦,儿子,unknown,吴
蒋休,蒋钦,儿子,unknown,吴
何晏,金乡公主,丈夫,unknown,unknown
曹操,金乡公主,父亲,魏,unknown
杜夫人,金乡公主,母亲,unknown,unknown
秦朗,金乡公主,哥哥,魏,unknown
曹林,金乡公主,哥哥,unknown,unknown
曹节,金乡公主,姐姐,unknown,unknown
清河公主,金乡公主,姐姐,unknown,unknown
曹嵩,金乡公主,祖父,unknown,unknown
丁氏,金乡公主,祖母,unknown,unknown
曹德,金乡公主,叔父,unknown,unknown
曹蕤,金乡公主,侄子,unknown,unknown
曹范,金乡公主,侄子,unknown,unknown
曹奂,金乡公主,侄子,unknown,unknown
曹竦,金乡公主,侄子,unknown,unknown
秦秀,金乡公主,侄子,unknown,unknown
曹壹,金乡公主,侄子,unknown,unknown
曹协,金乡公主,侄子,unknown,unknown
曹喈,金乡公主,侄子,unknown,unknown
曹邕,金乡公主,侄子,unknown,unknown
曹霖,金乡公主,侄子,unknown,unknown
曹炳,金乡公主,侄子,unknown,unknown
曹贡,金乡公主,侄子,unknown,unknown
曹礼,金乡公主,侄子,unknown,unknown
刘禅,敬哀皇后,丈夫,蜀,unknown
张飞,敬哀皇后,父亲,蜀,unknown
夏侯夫人,敬哀皇后,母亲,unknown,unknown
张皇后,敬哀皇后,妹妹,unknown,unknown
刘备,敬哀皇后,公公,蜀,unknown
甘夫人,敬哀皇后,婆婆,unknown,unknown
张遵,敬哀皇后,侄子,unknown,unknown
张凯武,敬哀皇后,侄子,unknown,unknown
刘永,敬哀皇后,小叔子,unknown,unknown
刘理,敬哀皇后,小叔子,unknown,unknown
孙和,阚泽,学生,unknown,unknown
孔宙,孔融,父亲,unknown,群雄
孔褒,孔融,哥哥,unknown,群雄
羊m,孔融,女婿,unknown,群雄
羊续,孔融,亲家公,unknown,群雄
祢衡,孔融,好友,unknown,群雄
太史慈,孔融,好友,吴,群雄
蔡邕,孔融,好友,unknown,群雄
脂习,孔融,好友,unknown,群雄
盛宪,孔融,好友,unknown,群雄
陈纪,孔融,好友,群雄,群雄
陈群,孔融,好友,魏,群雄
蒯钧,蒯良,儿子,unknown,群雄
蒯祺,蒯良,侄子,unknown,群雄
蒯祺,蒯越,侄子,unknown,魏
乐D,乐进,儿子,unknown,魏
乐肇,乐进,孙子,unknown,魏
李式,李,儿子,unknown,群雄
李暹,李,侄子,unknown,群雄
李利,李,侄子,unknown,群雄
胡封,李,外甥,unknown,群雄
李桓,李,堂弟,unknown,群雄
李应,李,堂弟,unknown,群雄
郭汜,李,好友,群雄,群雄
李赐,李密,儿子,unknown,unknown
李兴,李密,儿子,unknown,unknown
谯周,李密,老师,unknown,unknown
李朝,李邈,哥哥,unknown,unknown
李邵,李邈,弟弟,unknown,unknown
李遗,李球,堂兄,unknown,unknown
李休,李胜,父亲,unknown,unknown
夏侯玄,李胜,好友,unknown,unknown
李矩,李式,父亲,unknown,unknown
李重,李式,父亲,unknown,unknown
李秉,李式,祖父,unknown,unknown
李尚,李式,叔父,unknown,unknown
李绪,李式,曾祖父,unknown,unknown
李充,李式,堂弟,unknown,unknown
李丰,李严,儿子,unknown,蜀
费观,李严,好友,unknown,蜀
李伟,李义,儿子,unknown,unknown
李丰,李义,儿子,unknown,unknown
陈燕琳,李,妻子,unknown,unknown
李保田,李,父亲,unknown,unknown
李伯清,李,老师,unknown,unknown
凌封,凌统,儿子,unknown,吴
凌烈,凌统,儿子,unknown,吴
凌操,凌统,父亲,吴,吴
糜夫人,刘备,妻子,unknown,蜀
孙夫人,刘备,妻子,unknown,蜀
甘夫人,刘备,妻子,unknown,蜀
穆皇后,刘备,妻子,unknown,蜀
刘理,刘备,儿子,unknown,蜀
刘永,刘备,儿子,unknown,蜀
刘禅,刘备,儿子,蜀,蜀
刘弘,刘备,父亲,unknown,蜀
刘封,刘备,养子,unknown,蜀
吴氏,刘备,母亲,unknown,蜀
刘雄,刘备,祖父,unknown,蜀
孙坚,刘备,岳父,unknown,蜀
刘瓒,刘备,孙子,unknown,蜀
刘胤,刘备,孙子,unknown,蜀
刘晨,刘备,孙子,unknown,蜀
刘林,刘备,孙子,unknown,蜀
刘辑,刘备,孙子,unknown,蜀
刘璩,刘备,孙子,unknown,蜀
刘瑶,刘备,孙子,unknown,蜀
刘恂,刘备,孙子,unknown,蜀
刘谌,刘备,孙子,unknown,蜀
刘v,刘备,孙子,unknown,蜀
刘琮,刘备,孙子,unknown,蜀
张皇后,刘备,儿媳,unknown,蜀
敬哀皇后,刘备,儿媳,unknown,蜀
马氏,刘备,儿媳,unknown,蜀
刘子敬,刘备,叔父,unknown,蜀
刘元起,刘备,叔父,unknown,蜀
孙登,刘备,侄子,unknown,蜀
孙奋,刘备,侄子,unknown,蜀
孙和,刘备,侄子,unknown,蜀
孙鲁班,刘备,侄女,unknown,蜀
刘玄,刘备,曾孙子,unknown,蜀
刘承,刘备,曾孙子,unknown,蜀
刘乾清,刘备,曾孙子,unknown,蜀
诸葛尚,刘备,曾外孙子,unknown,蜀
赵云,刘备,义弟,蜀,蜀
吴懿,刘备,大舅子,unknown,蜀
孙权,刘备,大舅子,吴,蜀
麋竺,刘备,大舅子,unknown,蜀
孙策,刘备,大舅子,吴,蜀
刘璋,刘备,堂弟,群雄,蜀
马超,刘备,亲家公,蜀,蜀
张飞,刘备,亲家公,蜀,蜀
夏侯夫人,刘备,亲家母,unknown,蜀
简雍,刘备,好友,蜀,蜀
诸葛亮,刘备,好友,蜀,蜀
吴巨,刘备,好友,unknown,蜀
关羽,刘备,好友,蜀,蜀
卢植,刘备,老师,unknown,蜀
张皇后,刘禅,妻子,unknown,蜀
王贵人,刘禅,妻子,unknown,蜀
敬哀皇后,刘禅,妻子,unknown,蜀
李昭仪,刘禅,妻子,unknown,蜀
刘瑶,刘禅,儿子,unknown,蜀
刘恂,刘禅,儿子,unknown,蜀
刘谌,刘禅,儿子,unknown,蜀
刘瓒,刘禅,儿子,unknown,蜀
刘璩,刘禅,儿子,unknown,蜀
刘v,刘禅,儿子,unknown,蜀
刘琮,刘禅,儿子,unknown,蜀
刘备,刘禅,父亲,蜀,蜀
甘夫人,刘禅,母亲,unknown,蜀
孙夫人,刘禅,继母,unknown,蜀
刘理,刘禅,弟弟,unknown,蜀
刘永,刘禅,弟弟,unknown,蜀
刘弘,刘禅,祖父,unknown,蜀
吴氏,刘禅,祖母,unknown,蜀
张飞,刘禅,岳父,蜀,蜀
夏侯夫人,刘禅,岳母,unknown,蜀
诸葛尚,刘禅,外孙子,unknown,蜀
关统,刘禅,女婿,unknown,蜀
诸葛瞻,刘禅,女婿,unknown,蜀
费恭,刘禅,女婿,unknown,蜀
太子妃费氏,刘禅,儿媳,unknown,蜀
刘晨,刘禅,侄子,unknown,蜀
张遵,刘禅,侄子,unknown,蜀
张凯武,刘禅,侄子,unknown,蜀
刘胤,刘禅,侄子,unknown,蜀
刘雄,刘禅,曾祖父,unknown,蜀
诸葛亮,刘禅,亲家公,蜀,蜀
费t,刘禅,亲家公,蜀,蜀
尹默,刘禅,老师,unknown,蜀
刘表,刘琮,父亲,群雄,unknown
蔡夫人,刘琮,母亲,unknown,unknown
刘琦,刘琮,哥哥,unknown,unknown
蔡讽,刘琮,外祖父,unknown,unknown
刘舆,刘岱,父亲,unknown,群雄
刘繇,刘岱,弟弟,unknown,群雄
刘宠,刘岱,伯父,unknown,群雄
刘基,刘岱,侄子,unknown,群雄
刘尚,刘岱,侄子,unknown,群雄
张华,刘放,女婿,unknown,unknown
孝灵宋皇后,刘宏,妻子,unknown,unknown
灵思皇后,刘宏,妻子,unknown,unknown
王荣,刘宏,妻子,unknown,unknown
刘协,刘宏,儿子,unknown,unknown
刘辩,刘宏,儿子,unknown,unknown
万年公主,刘宏,女儿,unknown,unknown
刘苌,刘宏,父亲,unknown,unknown
董太后,刘宏,母亲,unknown,unknown
刘淑,刘宏,祖父,unknown,unknown
何真,刘宏,岳父,unknown,unknown
舞阳君,刘宏,岳母,unknown,unknown
刘熙,刘宏,孙子,unknown,unknown
长乐公主,刘宏,孙女,unknown,unknown
唐姬,刘宏,儿媳,unknown,unknown
伏寿,刘宏,儿媳,unknown,unknown
曹节,刘宏,儿媳,unknown,unknown
刘开,刘宏,曾祖父,unknown,unknown
何苗,刘宏,大舅子,unknown,unknown
伏完,刘宏,亲家公,unknown,unknown
曹操,刘宏,亲家公,魏,unknown
唐瑁,刘宏,亲家公,unknown,unknown
杨赐,刘宏,老师,unknown,unknown
申贵人,刘宏,高祖母,unknown,unknown
马氏,刘理,妻子,unknown,unknown
刘胤,刘理,儿子,unknown,unknown
刘辑,刘理,儿子,unknown,unknown
刘备,刘理,父亲,蜀,unknown
刘永,刘理,哥哥,unknown,unknown
刘禅,刘理,哥哥,蜀,unknown
刘弘,刘理,祖父,unknown,unknown
吴氏,刘理,祖母,unknown,unknown
马超,刘理,岳父,蜀,unknown
刘承,刘理,孙子,unknown,unknown
刘晨,刘理,侄子,unknown,unknown
刘琮,刘理,侄子,unknown,unknown
刘瑶,刘理,侄子,unknown,unknown
刘恂,刘理,侄子,unknown,unknown
刘璩,刘理,侄子,unknown,unknown
刘谌,刘理,侄子,unknown,unknown
刘雄,刘理,曾祖父,unknown,unknown
诸葛亮,刘理,义父,蜀,unknown
张皇后,刘理,嫂子,unknown,unknown
敬哀皇后,刘理,嫂子,unknown,unknown
阮籍,刘伶,好友,unknown,unknown
嵇康,刘伶,好友,unknown,unknown
士燮,刘陶,学生,unknown,unknown
王晓宇,刘威,妻子,unknown,unknown
马敬伯,刘威,老师,unknown,unknown
刘度,刘贤,父亲,群雄,unknown
曹节,刘协,妻子,unknown,unknown
伏寿,刘协,妻子,unknown,unknown
刘敦,刘协,儿子,unknown,unknown
刘懿,刘协,儿子,unknown,unknown
刘冯,刘协,儿子,unknown,unknown
刘熙,刘协,儿子,unknown,unknown
刘邈,刘协,儿子,unknown,unknown
长乐公主,刘协,女儿,unknown,unknown
刘宏,刘协,父亲,unknown,unknown
王荣,刘协,母亲,unknown,unknown
刘辩,刘协,哥哥,unknown,unknown
万年公主,刘协,姐姐,unknown,unknown
刘苌,刘协,祖父,unknown,unknown
董太后,刘协,祖母,unknown,unknown
曹操,刘协,岳父,魏,unknown
伏完,刘协,岳父,unknown,unknown
董承,刘协,岳父,群雄,unknown
刘康,刘协,孙子,unknown,unknown
王斌,刘协,舅父,unknown,unknown
伏俨,刘协,侄子,unknown,unknown
刘淑,刘协,曾祖父,unknown,unknown
刘瑾,刘协,曾孙子,unknown,unknown
唐姬,刘协,嫂子,unknown,unknown
伏德,刘协,大舅子,unknown,unknown
曹丕,刘协,大舅子,魏,unknown
夏侯,刘协,连襟,unknown,unknown
荀恽,刘协,连襟,unknown,unknown
袁隗,刘协,老师,unknown,unknown
马日,刘协,老师,unknown,unknown
刘弘,刘雄,儿子,unknown,unknown
刘惠,刘雄,父亲,unknown,unknown
刘备,刘雄,孙子,蜀,unknown
吴氏,刘雄,儿媳,unknown,unknown
刘禅,刘雄,曾孙子,蜀,unknown
刘永,刘雄,曾孙子,unknown,unknown
刘理,刘雄,曾孙子,unknown,unknown
穆皇后,刘雄,孙媳妇,unknown,unknown
刘诞,刘焉,儿子,unknown,unknown
刘范,刘焉,儿子,unknown,unknown
刘瑁,刘焉,儿子,unknown,unknown
刘璋,刘焉,儿子,群雄,unknown
刘循,刘焉,孙子,unknown,unknown
刘阐,刘焉,孙子,unknown,unknown
费伯仁,刘焉,侄子,unknown,unknown
张儿,刘洋,好友,unknown,unknown
史妍,刘洋,好友,unknown,unknown
刘陶,刘晔,儿子,unknown,魏
刘普,刘晔,父亲,unknown,魏
刘涣,刘晔,哥哥,unknown,魏
鲁肃,刘晔,好友,吴,魏
刘禅,刘瓒,父亲,蜀,unknown
刘琮,刘瓒,哥哥,unknown,unknown
刘v,刘瓒,哥哥,unknown,unknown
刘谌,刘瓒,弟弟,unknown,unknown
刘恂,刘瓒,弟弟,unknown,unknown
刘备,刘瓒,祖父,蜀,unknown
刘永,刘瓒,叔父,unknown,unknown
诸葛尚,刘瓒,外甥,unknown,unknown
刘弘,刘瓒,曾祖父,unknown,unknown
吴氏,刘瓒,曾祖母,unknown,unknown
刘阐,刘璋,儿子,unknown,群雄
刘循,刘璋,儿子,unknown,群雄
刘焉,刘璋,父亲,unknown,群雄
刘范,刘璋,哥哥,unknown,群雄
刘瑁,刘璋,哥哥,unknown,群雄
刘诞,刘璋,哥哥,unknown,群雄
费观,刘璋,女婿,unknown,群雄
刘敞,刘璋,曾孙子,unknown,群雄
刘备,刘璋,堂兄,蜀,群雄
庞羲,刘璋,亲家公,unknown,群雄
刘梁,刘桢,祖父,unknown,unknown
刘羡,刘祗,儿子,unknown,unknown
刘弘,刘子敬,哥哥,unknown,unknown
刘备,刘子敬,侄子,蜀,unknown
吴氏,刘子敬,嫂子,unknown,unknown
卢毓,卢植,儿子,unknown,unknown
卢E,卢植,孙子,unknown,unknown
卢钦,卢植,孙子,unknown,unknown
卢浮,卢植,曾孙子,unknown,unknown
卢志,卢植,曾孙子,unknown,unknown
马融,卢植,老师,unknown,unknown
陈球,卢植,老师,unknown,unknown
郑玄,卢植,同学,unknown,unknown
管宁,卢植,同学,unknown,unknown
华歆,卢植,同学,魏,unknown
刘备,卢植,学生,蜀,unknown
公孙瓒,卢植,学生,群雄,unknown
高诱,卢植,学生,unknown,unknown
刘德然,卢植,学生,unknown,unknown
鲁淑,鲁肃,儿子,unknown,吴
鲁睦,鲁肃,孙子,unknown,吴
吕蒙,鲁肃,好友,吴,吴
诸葛亮,鲁肃,好友,蜀,吴
周瑜,鲁肃,好友,吴,吴
诸葛瑾,鲁肃,好友,unknown,吴
刘晔,鲁肃,好友,魏,吴
陆绩,陆康,儿子,unknown,unknown
陆纡,陆康,哥哥,unknown,unknown
陆,陆康,孙子,unknown,unknown
陆尚,陆康,孙子,unknown,unknown
陆郁生,陆康,孙女,unknown,unknown
顾邵,陆康,外孙子,unknown,unknown
陆延,陆逊,儿子,unknown,吴
陆抗,陆逊,儿子,unknown,吴
陆骏,陆逊,父亲,unknown,吴
陆瑁,陆逊,弟弟,unknown,吴
陆纡,陆逊,祖父,unknown,吴
孙策,陆逊,岳父,吴,吴
陆机,陆逊,孙子,unknown,吴
陆耽,陆逊,孙子,unknown,吴
陆晏,陆逊,孙子,unknown,吴
陆玄,陆逊,孙子,unknown,吴
陆景,陆逊,孙子,unknown,吴
陆云,陆逊,孙子,unknown,吴
陆凯,陆逊,侄子,吴,吴
廖化,陆逊,对手,蜀,吴
陆抗,陆云,父亲,unknown,unknown
陆景,陆云,哥哥,unknown,unknown
陆晏,陆云,哥哥,unknown,unknown
陆玄,陆云,哥哥,unknown,unknown
陆机,陆云,哥哥,unknown,unknown
陆耽,陆云,弟弟,unknown,unknown
陆逊,陆云,祖父,吴,unknown
陆延,陆云,伯父,unknown,unknown
陆骏,陆云,曾祖父,unknown,unknown
韩谧,陆云,好友,unknown,unknown
董卓,吕布,义父,群雄,群雄
张杨,吕布,好友,群雄,群雄
张邈,吕布,好友,群雄,群雄
吕霸,吕蒙,儿子,unknown,吴
吕琮,吕蒙,儿子,unknown,吴
吕睦,吕蒙,儿子,unknown,吴
邓当,吕蒙,姐夫,unknown,吴
鲁肃,吕蒙,好友,吴,吴
甘宁,吕蒙,好友,吴,吴
廖化,吕蒙,对手,蜀,吴
杨婉,马超,妻子,unknown,蜀
马承,马超,儿子,unknown,蜀
马秋,马超,儿子,unknown,蜀
马氏,马超,女儿,unknown,蜀
马腾,马超,父亲,群雄,蜀
马铁,马超,弟弟,群雄,蜀
马休,马超,弟弟,群雄,蜀
马平,马超,祖父,unknown,蜀
刘理,马超,女婿,unknown,蜀
韩遂,马超,义父,群雄,蜀
刘备,马超,亲家公,蜀,蜀
马岱,马超,从弟,蜀,蜀
马秉,马良,儿子,unknown,蜀
马谡,马良,弟弟,蜀,蜀
诸葛亮,马良,义兄,蜀,蜀
马良,马谡,哥哥,蜀,蜀
马秉,马谡,侄子,unknown,蜀
向朗,马谡,好友,unknown,蜀
诸葛亮,马谡,好友,蜀,蜀
马铁,马腾,儿子,群雄,群雄
马超,马腾,儿子,蜀,群雄
马休,马腾,儿子,群雄,群雄
马平,马腾,父亲,unknown,群雄
马承,马腾,孙子,unknown,群雄
马秋,马腾,孙子,unknown,群雄
马氏,马腾,孙女,unknown,群雄
杨婉,马腾,儿媳,unknown,群雄
马岱,马腾,侄子,蜀,群雄
马腾,马铁,父亲,群雄,群雄
马超,马铁,哥哥,蜀,群雄
马休,马铁,哥哥,群雄,群雄
马平,马铁,祖父,unknown,群雄
马秋,马铁,侄子,unknown,群雄
马承,马铁,侄子,unknown,群雄
马氏,马铁,侄女,unknown,群雄
杨婉,马铁,嫂子,unknown,群雄
马岱,马铁,堂兄,蜀,群雄
马腾,马休,父亲,群雄,群雄
马岱,马休,哥哥,蜀,群雄
马超,马休,哥哥,蜀,群雄
马铁,马休,弟弟,群雄,群雄
马平,马休,祖父,unknown,群雄
马秋,马休,侄子,unknown,群雄
马承,马休,侄子,unknown,群雄
马氏,马休,侄女,unknown,群雄
杨婉,马休,嫂子,unknown,群雄
祝融夫人,孟获,妻子,unknown,unknown
孟虬,孟获,儿子,unknown,unknown
花N,孟获,女儿,unknown,unknown
孟节,孟获,哥哥,unknown,unknown
孟优,孟获,弟弟,蜀,unknown
关索,孟获,女婿,蜀,unknown
石韬,孟建,好友,unknown,unknown
诸葛亮,孟建,好友,蜀,unknown
徐庶,孟建,好友,蜀,unknown
刘备,穆皇后,丈夫,蜀,unknown
刘瑁,穆皇后,丈夫,unknown,unknown
吴懿,穆皇后,哥哥,unknown,unknown
刘弘,穆皇后,公公,unknown,unknown
吴氏,穆皇后,婆婆,unknown,unknown
庞会,庞德,儿子,unknown,魏
庞柔,庞德,堂兄,unknown,魏
庞统,庞林,哥哥,蜀,unknown
庞宏,庞林,侄子,unknown,unknown
习忠,庞林,侄子,unknown,unknown
习祯,庞林,大舅子,unknown,unknown
庞宏,庞统,儿子,unknown,蜀
庞林,庞统,弟弟,unknown,蜀
庞山民,庞统,堂兄,unknown,蜀
石韬,庞统,好友,unknown,蜀
向朗,庞统,好友,unknown,蜀
黄承彦,庞统,好友,unknown,蜀
顾邵,庞统,好友,unknown,蜀
全琮,庞统,好友,吴,蜀
陆绩,庞统,好友,unknown,蜀
俞灏明,钱枫,好友,unknown,unknown
秦秀,秦朗,儿子,unknown,魏
秦宜禄,秦朗,父亲,unknown,魏
杜夫人,秦朗,母亲,unknown,魏
曹操,秦朗,继父,魏,魏
金乡公主,秦朗,妹妹,unknown,魏
夏侯,清河公主,丈夫,unknown,unknown
曹操,清河公主,父亲,魏,unknown
刘夫人,清河公主,母亲,unknown,unknown
曹铄,清河公主,哥哥,unknown,unknown
曹林,清河公主,弟弟,unknown,unknown
曹丕,清河公主,弟弟,魏,unknown
曹彰,清河公主,弟弟,魏,unknown
曹植,清河公主,弟弟,魏,unknown
曹熊,清河公主,弟弟,unknown,unknown
曹昂,清河公主,弟弟,unknown,unknown
曹冲,清河公主,弟弟,unknown,unknown
曹据,清河公主,弟弟,unknown,unknown
曹宇,清河公主,弟弟,unknown,unknown
曹衮,清河公主,弟弟,unknown,unknown
曹t,清河公主,弟弟,unknown,unknown
曹峻,清河公主,弟弟,unknown,unknown
曹干,清河公主,弟弟,unknown,unknown
曹上,清河公主,弟弟,unknown,unknown
曹彪,清河公主,弟弟,unknown,unknown
曹勤,清河公主,弟弟,unknown,unknown
曹乘,清河公主,弟弟,unknown,unknown
曹整,清河公主,弟弟,unknown,unknown
曹京,清河公主,弟弟,unknown,unknown
曹均,清河公主,弟弟,unknown,unknown
曹棘,清河公主,弟弟,unknown,unknown
曹徽,清河公主,弟弟,unknown,unknown
曹茂,清河公主,弟弟,unknown,unknown
曹节,清河公主,妹妹,unknown,unknown
曹华,清河公主,妹妹,unknown,unknown
金乡公主,清河公主,妹妹,unknown,unknown
曹宪,清河公主,妹妹,unknown,unknown
安阳公主,清河公主,妹妹,unknown,unknown
曹嵩,清河公主,祖父,unknown,unknown
丁氏,清河公主,祖母,unknown,unknown
曹德,清河公主,叔父,unknown,unknown
曹,清河公主,侄子,unknown,unknown
曹协,清河公主,侄子,unknown,unknown
曹鉴,清河公主,侄子,unknown,unknown
曹蕤,清河公主,侄子,unknown,unknown
曹霖,清河公主,侄子,unknown,unknown
曹礼,清河公主,侄子,unknown,unknown
曹邕,清河公主,侄子,unknown,unknown
曹贡,清河公主,侄子,unknown,unknown
曹俨,清河公主,侄子,unknown,unknown
曹喈,清河公主,侄子,unknown,unknown
曹楷,清河公主,侄子,unknown,unknown
曹志,清河公主,侄子,unknown,unknown
曹苗,清河公主,侄子,unknown,unknown
曹炳,清河公主,侄子,unknown,unknown
曹琮,清河公主,侄子,unknown,unknown
司马晏,司马邺,父亲,unknown,unknown
司马衍,司马邺,弟弟,unknown,unknown
司马炎,司马邺,祖父,unknown,unknown
荀勖,司马邺,外祖父,unknown,unknown
司马允,司马邺,伯父,unknown,unknown
司马衷,司马邺,伯父,unknown,unknown
阳平公主,司马邺,姑母,unknown,unknown
司马昭,司马邺,曾祖父,unknown,unknown
张春华,司马懿,妻子,unknown,魏
司马师,司马懿,儿子,unknown,魏
司马昭,司马懿,儿子,unknown,魏
司马,司马懿,儿子,unknown,魏
司马亮,司马懿,儿子,unknown,魏
司马干,司马懿,儿子,unknown,魏
司马京,司马懿,儿子,unknown,魏
司马骏,司马懿,儿子,unknown,魏
司马肜,司马懿,儿子,unknown,魏
司马伦,司马懿,儿子,unknown,魏
南阳公主,司马懿,女儿,unknown,魏
高陆公主,司马懿,女儿,unknown,魏
高陵宣公主,司马懿,女儿,unknown,魏
司马防,司马懿,父亲,unknown,魏
司马朗,司马懿,哥哥,魏,魏
司马通,司马懿,弟弟,unknown,魏
司马孚,司马懿,弟弟,unknown,魏
司马馗,司马懿,弟弟,unknown,魏
司马恂,司马懿,弟弟,unknown,魏
司马进,司马懿,弟弟,unknown,魏
司马敏,司马懿,弟弟,unknown,魏
司马y,司马懿,祖父,unknown,魏
张汪,司马懿,岳父,unknown,魏
司马粹,司马懿,孙子,unknown,魏
司马攸,司马懿,孙子,unknown,魏
司马觐,司马懿,孙子,unknown,魏
司马广,司马懿,孙子,unknown,魏
司马炎,司马懿,孙子,unknown,魏
司马宗,司马懿,孙子,unknown,魏
司马矩,司马懿,孙子,unknown,魏
司马延祚,司马懿,孙子,unknown,魏
司马繇,司马懿,孙子,unknown,魏
司马k,司马懿,孙子,unknown,魏
司马熙,司马懿,孙子,unknown,魏
司马广德,司马懿,孙子,unknown,魏
荀悝,司马懿,外孙子,unknown,魏
荀J,司马懿,女婿,unknown,魏
杜预,司马懿,女婿,unknown,魏
王元姬,司马懿,儿媳,unknown,魏
羊徽瑜,司马懿,儿媳,unknown,魏
夏侯徽,司马懿,儿媳,unknown,魏
诸葛妃,司马懿,儿媳,unknown,魏
司马望,司马懿,侄子,unknown,魏
司马量,司马懿,曾祖父,unknown,魏
司马允,司马懿,曾孙子,unknown,魏
司马轨,司马懿,曾孙子,unknown,魏
司马衷,司马懿,曾孙子,unknown,魏
司马融,司马懿,曾孙子,unknown,魏
司马睿,司马懿,曾孙子,unknown,魏
司马晏,司马懿,曾孙子,unknown,魏
王元姬,司马昭,妻子,unknown,unknown
司马炎,司马昭,儿子,unknown,unknown
司马兆,司马昭,儿子,unknown,unknown
司马定国,司马昭,儿子,unknown,unknown
司马广德,司马昭,儿子,unknown,unknown
司马鉴,司马昭,儿子,unknown,unknown
司马永祚,司马昭,儿子,unknown,unknown
司马延祚,司马昭,儿子,unknown,unknown
司马攸,司马昭,儿子,unknown,unknown
司马机,司马昭,儿子,unknown,unknown
京兆公主,司马昭,女儿,unknown,unknown
常山公主,司马昭,女儿,unknown,unknown
司马懿,司马昭,父亲,魏,unknown
张春华,司马昭,母亲,unknown,unknown
司马师,司马昭,哥哥,unknown,unknown
司马京,司马昭,弟弟,unknown,unknown
司马干,司马昭,弟弟,unknown,unknown
司马亮,司马昭,弟弟,unknown,unknown
司马骏,司马昭,弟弟,unknown,unknown
司马肜,司马昭,弟弟,unknown,unknown
司马伦,司马昭,弟弟,unknown,unknown
司马,司马昭,弟弟,unknown,unknown
南阳公主,司马昭,妹妹,unknown,unknown
高陆公主,司马昭,妹妹,unknown,unknown
司马防,司马昭,祖父,unknown,unknown
张汪,司马昭,外祖父,unknown,unknown
王肃,司马昭,岳父,unknown,unknown
司马轨,司马昭,孙子,unknown,unknown
司马柬,司马昭,孙子,unknown,unknown
司马颖,司马昭,孙子,unknown,unknown
司马晏,司马昭,孙子,unknown,unknown
司马宪,司马昭,孙子,unknown,unknown
司马玮,司马昭,孙子,unknown,unknown
司马祗,司马昭,孙子,unknown,unknown
司马裕,司马昭,孙子,unknown,unknown
司马允,司马昭,孙子,unknown,unknown
司马该,司马昭,孙子,unknown,unknown
司马遐,司马昭,孙子,unknown,unknown
司马V,司马昭,孙子,unknown,unknown
司马演,司马昭,孙子,unknown,unknown
司马衷,司马昭,孙子,unknown,unknown
司马,司马昭,孙子,unknown,unknown
司马,司马昭,孙子,unknown,unknown
新丰公主,司马昭,孙女,unknown,unknown
万年公主,司马昭,孙女,unknown,unknown
贾褒,司马昭,儿媳,unknown,unknown
司马朗,司马昭,伯父,魏,unknown
司马通,司马昭,叔父,unknown,unknown
司马孚,司马昭,叔父,unknown,unknown
司马馗,司马昭,叔父,unknown,unknown
孙绍,孙策,儿子,unknown,吴
孙坚,孙策,父亲,unknown,吴
武烈皇后,孙策,母亲,unknown,吴
孙夫人,孙策,妹妹,unknown,吴
孙权,孙策,弟弟,吴,吴
孙匡,孙策,弟弟,unknown,吴
孙朗,孙策,弟弟,unknown,吴
孙翊,孙策,弟弟,unknown,吴
孙奉,孙策,孙子,unknown,吴
陆延,孙策,外孙子,unknown,吴
陆抗,孙策,外孙子,unknown,吴
陆逊,孙策,女婿,吴,吴
顾邵,孙策,女婿,unknown,吴
孙静,孙策,叔父,unknown,吴
吴景,孙策,舅父,unknown,吴
孙登,孙策,侄子,unknown,吴
孙奋,孙策,侄子,unknown,吴
潘淑,孙策,弟媳,unknown,吴
孙和,孙策,侄子,unknown,吴
孙休,孙策,侄子,unknown,吴
孙泰,孙策,侄子,unknown,吴
孙虑,孙策,侄子,unknown,吴
孙鲁育,孙策,侄女,unknown,吴
孙鲁班,孙策,侄女,unknown,吴
步练师,孙策,弟媳,unknown,吴
大懿皇后,孙策,弟媳,unknown,吴
敬怀皇后,孙策,弟媳,unknown,吴
刘备,孙策,妹夫,蜀,吴
孙瑜,孙策,堂弟,unknown,吴
孙奂,孙策,堂弟,unknown,吴
孙贲,孙策,堂兄,unknown,吴
孙辅,孙策,堂兄,unknown,吴
周瑜,孙策,好友,吴,吴
吕范,孙策,好友,unknown,吴
张昭,孙策,好友,吴,吴
周妃,孙登,妻子,unknown,unknown
孙英,孙登,儿子,unknown,unknown
孙希,孙登,儿子,unknown,unknown
孙权,孙登,父亲,吴,unknown
徐夫人,孙登,养母,unknown,unknown
孙和,孙登,弟弟,unknown,unknown
孙虑,孙登,弟弟,unknown,unknown
孙奋,孙登,弟弟,unknown,unknown
孙亮,孙登,弟弟,unknown,unknown
孙休,孙登,弟弟,unknown,unknown
孙霸,孙登,弟弟,unknown,unknown
孙鲁班,孙登,妹妹,unknown,unknown
刘公主,孙登,妹妹,unknown,unknown
孙鲁育,孙登,妹妹,unknown,unknown
孙坚,孙登,祖父,unknown,unknown
武烈皇后,孙登,祖母,unknown,unknown
周瑜,孙登,岳父,吴,unknown
小乔,孙登,岳母,unknown,unknown
孙策,孙登,伯父,吴,unknown
孙翊,孙登,叔父,unknown,unknown
孙匡,孙登,叔父,unknown,unknown
孙朗,孙登,叔父,unknown,unknown
孙夫人,孙登,姑母,unknown,unknown
孙谦,孙登,侄子,unknown,unknown
孙皓,孙登,侄子,unknown,unknown
孙俊,孙登,侄子,unknown,unknown
孙基,孙登,侄子,unknown,unknown
孙壹,孙登,侄子,unknown,unknown
孙N,孙登,侄子,unknown,unknown
孙,孙登,侄子,unknown,unknown
孙雨单,孙登,侄子,unknown,unknown
全怿,孙登,外甥,unknown,unknown
全吴,孙登,外甥,unknown,unknown
朱皇后,孙登,外甥女,unknown,unknown
孙钟,孙登,曾祖父,unknown,unknown
张妃,孙登,弟媳,unknown,unknown
全皇后,孙登,弟媳,unknown,unknown
何姬,孙登,弟媳,unknown,unknown
全琮,孙登,妹夫,吴,unknown
刘纂,孙登,妹夫,unknown,unknown
朱据,孙登,妹夫,unknown,unknown
周循,孙登,大舅子,unknown,unknown
徐夫人,孙登,婶母,unknown,unknown
刘备,孙登,姑父,蜀,unknown
弘咨,孙登,姑父,unknown,unknown
诸葛恪,孙登,好友,吴,unknown
张休,孙登,好友,unknown,unknown
顾谭,孙登,好友,unknown,unknown
陈表,孙登,好友,unknown,unknown
程秉,孙登,老师,unknown,unknown
张嘉益,孙浩,好友,unknown,unknown
高枫,孙浩,好友,unknown,unknown
滕芳兰,孙皓,妻子,unknown,unknown
孙虔,孙皓,儿子,unknown,unknown
孙瑾,孙皓,儿子,unknown,unknown
孙充,孙皓,儿子,unknown,unknown
孙和,孙皓,父亲,unknown,unknown
何姬,孙皓,母亲,unknown,unknown
孙谦,孙皓,弟弟,unknown,unknown
孙德,孙皓,弟弟,unknown,unknown
孙俊,孙皓,弟弟,unknown,unknown
陆孙氏,孙皓,妹妹,unknown,unknown
大懿皇后,孙皓,祖母,unknown,unknown
万,孙皓,好友,unknown,unknown
孙河,孙桓,父亲,unknown,吴
孙俊,孙桓,弟弟,unknown,吴
孙慎,孙桓,侄子,unknown,吴
孙咨,孙皎,儿子,unknown,unknown
孙仪,孙皎,儿子,unknown,unknown
孙弥,孙皎,儿子,unknown,unknown
孙静,孙皎,父亲,unknown,unknown
孙瑜,孙皎,哥哥,unknown,unknown
孙奂,孙皎,弟弟,unknown,unknown
诸葛瑾,孙皎,好友,unknown,unknown
孙瑜,孙静,儿子,unknown,unknown
孙,孙静,儿子,unknown,unknown
孙奂,孙静,儿子,unknown,unknown
孙皎,孙静,儿子,unknown,unknown
孙钟,孙静,父亲,unknown,unknown
孙坚,孙静,哥哥,unknown,unknown
孙羌,孙静,哥哥,unknown,unknown
孙恭,孙静,孙子,unknown,unknown
孙咨,孙静,孙子,unknown,unknown
孙曼,孙静,孙子,unknown,unknown
孙弥,孙静,孙子,unknown,unknown
孙权,孙静,侄子,吴,unknown
孙策,孙静,侄子,吴,unknown
孙匡,孙静,侄子,unknown,unknown
孙贲,孙静,侄子,unknown,unknown
孙翊,孙静,侄子,unknown,unknown
孙朗,孙静,侄子,unknown,unknown
孙D,孙静,曾孙子,unknown,unknown
孙峻,孙静,曾孙子,unknown,unknown
孙恩,孙静,曾孙子,unknown,unknown
孙恭,孙峻,父亲,unknown,unknown
孙,孙峻,祖父,unknown,unknown
全纪,孙峻,外甥,unknown,unknown
孙静,孙峻,曾祖父,unknown,unknown
全尚,孙峻,姐夫,unknown,unknown
朱损,孙峻,妹夫,unknown,unknown
孙D,孙峻,堂弟,unknown,unknown
孙宪,孙峻,堂弟,unknown,unknown
全皇后,孙亮,妻子,unknown,unknown
孙权,孙亮,父亲,吴,unknown
潘淑,孙亮,母亲,unknown,unknown
孙和,孙亮,哥哥,unknown,unknown
孙奋,孙亮,哥哥,unknown,unknown
孙霸,孙亮,哥哥,unknown,unknown
孙虑,孙亮,哥哥,unknown,unknown
孙登,孙亮,哥哥,unknown,unknown
孙休,孙亮,哥哥,unknown,unknown
孙鲁育,孙亮,姐姐,unknown,unknown
孙鲁班,孙亮,姐姐,unknown,unknown
孙坚,孙亮,祖父,unknown,unknown
武烈皇后,孙亮,祖母,unknown,unknown
全尚,孙亮,岳父,unknown,unknown
孙夫人,孙亮,姑母,unknown,unknown
孙雨单,孙亮,侄子,unknown,unknown
孙俊,孙亮,侄子,unknown,unknown
孙钟,孙亮,曾祖父,unknown,unknown
刘纂,孙亮,姐夫,unknown,unknown
朱据,孙亮,姐夫,unknown,unknown
诸葛恪,孙亮,老师,吴,unknown
孙权,孙虑,父亲,吴,unknown
孙登,孙虑,哥哥,unknown,unknown
孙和,孙虑,弟弟,unknown,unknown
孙奋,孙虑,弟弟,unknown,unknown
孙亮,孙虑,弟弟,unknown,unknown
孙休,孙虑,弟弟,unknown,unknown
孙霸,孙虑,弟弟,unknown,unknown
孙坚,孙虑,祖父,unknown,unknown
武烈皇后,孙虑,祖母,unknown,unknown
孙策,孙虑,伯父,吴,unknown
孙匡,孙虑,叔父,unknown,unknown
孙朗,孙虑,叔父,unknown,unknown
孙夫人,孙虑,姑母,unknown,unknown
孙N,孙虑,侄子,unknown,unknown
孙英,孙虑,侄子,unknown,unknown
孙希,孙虑,侄子,unknown,unknown
孙[,孙虑,侄子,unknown,unknown
孙基,孙虑,侄子,unknown,unknown
孙壹,孙虑,侄子,unknown,unknown
孙俊,孙虑,侄子,unknown,unknown
孙谦,孙虑,侄子,unknown,unknown
全吴,孙虑,外甥,unknown,unknown
全怿,孙虑,外甥,unknown,unknown
朱皇后,孙虑,外甥女,unknown,unknown
周妃,孙虑,嫂子,unknown,unknown
张妃,孙虑,弟媳,unknown,unknown
何姬,孙虑,弟媳,unknown,unknown
全皇后,孙虑,弟媳,unknown,unknown
蔡远航,孙茜,丈夫,unknown,unknown
小老虎,孙茜,儿子,unknown,unknown
马艳丽,孙茜,好友,unknown,unknown
黄征,孙茜,好友,unknown,unknown
陶昕然,孙茜,好友,unknown,unknown
谢夫人,孙权,妻子,unknown,吴
步练师,孙权,妻子,unknown,吴
大懿皇后,孙权,妻子,unknown,吴
敬怀皇后,孙权,妻子,unknown,吴
潘淑,孙权,妻子,unknown,吴
孙登,孙权,儿子,unknown,吴
孙虑,孙权,儿子,unknown,吴
孙和,孙权,儿子,unknown,吴
孙霸,孙权,儿子,unknown,吴
孙奋,孙权,儿子,unknown,吴
孙休,孙权,儿子,unknown,吴
孙亮,孙权,儿子,unknown,吴
孙鲁班,孙权,女儿,unknown,吴
刘公主,孙权,女儿,unknown,吴
孙鲁育,孙权,女儿,unknown,吴
滕公主,孙权,女儿,unknown,吴
孙坚,孙权,父亲,unknown,吴
武烈皇后,孙权,母亲,unknown,吴
凌烈,孙权,养子,unknown,吴
凌封,孙权,养子,unknown,吴
孙策,孙权,哥哥,吴,吴
孙翊,孙权,弟弟,unknown,吴
孙匡,孙权,弟弟,unknown,吴
孙朗,孙权,弟弟,unknown,吴
孙夫人,孙权,妹妹,unknown,吴
孙钟,孙权,祖父,unknown,吴
徐琨,孙权,岳父,unknown,吴
谢,孙权,岳父,unknown,吴
袁术,孙权,岳父,群雄,吴
朱皇后,孙权,外孙女,unknown,吴
滕胤,孙权,女婿,unknown,吴
周循,孙权,女婿,unknown,吴
朱据,孙权,女婿,unknown,吴
全琮,孙权,女婿,吴,吴
刘纂,孙权,女婿,unknown,吴
孙N,孙权,孙子,unknown,吴
孙英,孙权,孙子,unknown,吴
孙俊,孙权,孙子,unknown,吴
孙雨单,孙权,孙子,unknown,吴
孙谦,孙权,孙子,unknown,吴
孙希,孙权,孙子,unknown,吴
孙基,孙权,孙子,unknown,吴
孙壹,孙权,孙子,unknown,吴
孙德,孙权,孙子,unknown,吴
全怿,孙权,外孙子,unknown,吴
全吴,孙权,外孙子,unknown,吴
周妃,孙权,儿媳,unknown,吴
张妃,孙权,儿媳,unknown,吴
孙羌,孙权,伯父,unknown,吴
孙静,孙权,叔父,unknown,吴
孙恢,孙韶,儿子,unknown,吴
孙越,孙韶,儿子,unknown,吴
孙异,孙韶,儿子,unknown,吴
孙楷,孙韶,儿子,unknown,吴
孙奕,孙韶,儿子,unknown,吴
孙河,孙韶,伯父,unknown,吴
孙奉,孙绍,儿子,unknown,unknown
孙策,孙绍,父亲,吴,unknown
孙坚,孙绍,祖父,unknown,unknown
武烈皇后,孙绍,祖母,unknown,unknown
孙权,孙绍,叔父,吴,unknown
孙翊,孙绍,叔父,unknown,unknown
孙匡,孙绍,叔父,unknown,unknown
孙朗,孙绍,叔父,unknown,unknown
孙夫人,孙绍,姑母,unknown,unknown
孙钟,孙绍,曾祖父,unknown,unknown
步练师,孙绍,婶母,unknown,unknown
徐夫人,孙绍,婶母,unknown,unknown
刘备,孙绍,姑父,蜀,unknown
弘咨,孙绍,姑父,unknown,unknown
潘z,孙绍,姑父,unknown,unknown
侯继林,孙松,妻子,unknown,unknown
韩影,孙松,母亲,unknown,unknown
孙弥文,孙兴,父亲,unknown,unknown
林美贞,孙兴,前妻,unknown,unknown
姚雨鑫,孙兴,好友,unknown,unknown
孙泰,孙秀,父亲,unknown,unknown
孙匡,孙秀,祖父,unknown,unknown
蒯钧,孙秀,岳父,unknown,unknown
孙坚,孙秀,曾祖父,unknown,unknown
孙晷,孙秀,曾孙子,unknown,unknown
鲍国安,孙彦军,师弟,unknown,unknown
孙韶,孙异,父亲,吴,unknown
孙楷,孙异,哥哥,unknown,unknown
孙弥,孙瑜,儿子,unknown,unknown
孙曼,孙瑜,儿子,unknown,unknown
孙静,孙瑜,父亲,unknown,unknown
孙,孙瑜,哥哥,unknown,unknown
孙奂,孙瑜,弟弟,unknown,unknown
孙皎,孙瑜,弟弟,unknown,unknown
孙钟,孙瑜,祖父,unknown,unknown
孙羌,孙瑜,伯父,unknown,unknown
孙坚,孙瑜,伯父,unknown,unknown
孙咨,孙瑜,侄子,unknown,unknown
孙恭,孙瑜,侄子,unknown,unknown
孙策,孙瑜,堂兄,吴,unknown
孙权,孙瑜,堂弟,吴,unknown
孙翊,孙瑜,堂弟,unknown,unknown
孙匡,孙瑜,堂弟,unknown,unknown
孙朗,孙瑜,堂弟,unknown,unknown
孙夫人,孙瑜,堂妹,unknown,unknown
太史享,太史慈,儿子,unknown,吴
孔融,太史慈,好友,群雄,吴
关胜,唐斌,好友,unknown,unknown
夏凡,陶红,好友,unknown,unknown
王菁华,陶红,好友,unknown,unknown
黄定宇,陶红,老师,unknown,unknown
陶琦,陶侃,儿子,unknown,unknown
陶洪,陶侃,儿子,unknown,unknown
陶范,陶侃,儿子,unknown,unknown
陶瞻,陶侃,儿子,unknown,unknown
陶岱,陶侃,儿子,unknown,unknown
陶旗,陶侃,儿子,unknown,unknown
陶称,陶侃,儿子,unknown,unknown
陶丹,陶侃,父亲,unknown,unknown
陶母,陶侃,母亲,unknown,unknown
陶弘,陶侃,孙子,unknown,unknown
孟嘉,陶侃,女婿,unknown,unknown
陶臻,陶侃,侄子,unknown,unknown
陶渊明,陶侃,曾孙子,unknown,unknown
陶商,陶谦,儿子,unknown,群雄
陶应,陶谦,儿子,unknown,群雄
甘公,陶谦,岳父,unknown,群雄
苏凡,田华,丈夫,unknown,unknown
杨潇,田华,孙子,unknown,unknown
刘文江,田华,学生,unknown,unknown
王浑,王昶,儿子,unknown,unknown
王湛,王昶,儿子,unknown,unknown
王深,王昶,儿子,unknown,unknown
王泽,王昶,父亲,unknown,unknown
王浚,王昶,孙子,unknown,unknown
王尚,王昶,孙子,unknown,unknown
王济,王昶,孙子,unknown,unknown
王承,王昶,孙子,unknown,unknown
王默,王昶,侄子,unknown,unknown
王机,王昶,堂兄,unknown,unknown
王卓,王昶,曾孙子,unknown,unknown
王聿,王昶,曾孙子,unknown,unknown
王述,王昶,曾孙子,unknown,unknown
王述,王承,儿子,unknown,unknown
王湛,王承,父亲,unknown,unknown
王昶,王承,祖父,unknown,unknown
王坦之,王承,孙子,unknown,unknown
司马毗,王承,学生,unknown,unknown
王著,王蕃,弟弟,unknown,unknown
王凌,王广,父亲,魏,unknown
王金虎,王广,弟弟,unknown,unknown
王飞枭,王广,弟弟,unknown,unknown
王明山,王广,弟弟,unknown,unknown
诸葛诞,王广,岳父,魏,unknown
诸葛恢,王广,侄子,unknown,unknown
诸葛颐,王广,侄子,unknown,unknown
司马,王广,连襟,unknown,unknown
王肃,王朗,儿子,unknown,魏
王恂,王朗,孙子,unknown,魏
王恺,王朗,孙子,unknown,魏
王元姬,王朗,孙女,unknown,魏
京兆公主,王朗,曾外孙女,unknown,魏
刘阳,王朗,好友,unknown,魏
张昭,王朗,好友,吴,魏
许靖,王朗,好友,蜀,魏
杨赐,王朗,老师,unknown,魏
王广,王凌,儿子,unknown,魏
王明山,王凌,儿子,unknown,魏
王金虎,王凌,儿子,unknown,魏
王飞枭,王凌,儿子,unknown,魏
王允,王凌,叔父,unknown,魏
令狐愚,王凌,外甥,unknown,魏
郭淮,王凌,妹夫,魏,魏
司马朗,王凌,好友,魏,魏
贾逵,王凌,好友,魏,魏
王训,王平,儿子,unknown,蜀
王珉,王洽,儿子,unknown,unknown
王,王洽,儿子,unknown,unknown
王导,王洽,父亲,unknown,unknown
王恬,王洽,哥哥,unknown,unknown
王悦,王洽,哥哥,unknown,unknown
王荟,王洽,弟弟,unknown,unknown
王劭,王洽,弟弟,unknown,unknown
王裁,王洽,祖父,unknown,unknown
王弘,王洽,孙子,unknown,unknown
王练,王洽,孙子,unknown,unknown
王琨,王洽,侄子,unknown,unknown
王览,王洽,曾祖父,unknown,unknown
王僧虔,王洽,曾孙子,unknown,unknown
王僧达,王洽,曾孙子,unknown,unknown
王羲之,王洽,堂兄,unknown,unknown
王虔,王肃,儿子,unknown,unknown
王恺,王肃,儿子,unknown,unknown
王恂,王肃,儿子,unknown,unknown
王元姬,王肃,女儿,unknown,unknown
王朗,王肃,父亲,魏,unknown
司马定国,王肃,外孙子,unknown,unknown
司马攸,王肃,外孙子,unknown,unknown
司马兆,王肃,外孙子,unknown,unknown
司马广德,王肃,外孙子,unknown,unknown
司马炎,王肃,外孙子,unknown,unknown
京兆公主,王肃,外孙女,unknown,unknown
司马昭,王肃,女婿,unknown,unknown
司马晏,王肃,外曾孙子,unknown,unknown
司马懿,王肃,亲家公,魏,unknown
孙泰,王肃,亲家公,unknown,unknown
张春华,王肃,亲家母,unknown,unknown
宋忠,王肃,老师,unknown,unknown
王玄,王衍,儿子,unknown,unknown
王V,王衍,父亲,unknown,unknown
王澄,王衍,弟弟,unknown,unknown
王雄,王衍,祖父,unknown,unknown
司马y,王衍,女婿,unknown,unknown
王戎,王衍,堂兄,unknown,unknown
王宏,王业,儿子,unknown,unknown
王弼,王业,儿子,unknown,unknown
王凯,王业,父亲,unknown,unknown
刘表,王业,外祖父,群雄,unknown
关索,王悦,丈夫,蜀,unknown
王桃,王悦,姐姐,unknown,unknown
胡金定,王悦,婆婆,unknown,unknown
王盖,王允,儿子,unknown,unknown
王定,王允,儿子,unknown,unknown
王景,王允,儿子,unknown,unknown
王宏,王允,哥哥,unknown,unknown
王黑,王允,孙子,unknown,unknown
王凌,王允,侄子,魏,unknown
貂蝉,王允,义女,unknown,unknown
郭泰,王允,好友,unknown,unknown
王济,王卓,父亲,unknown,unknown
王聿,王卓,弟弟,unknown,unknown
王浑,王卓,祖父,unknown,unknown
王昶,王卓,曾祖父,unknown,unknown
魏昌,魏延,儿子,unknown,蜀
文鸯,文钦,儿子,unknown,unknown
文虎,文钦,儿子,unknown,unknown
文稷,文钦,父亲,unknown,unknown
吴奋,吴景,儿子,unknown,unknown
武烈皇后,吴景,姐姐,unknown,unknown
吴安,吴景,孙子,unknown,unknown
吴纂,吴景,孙子,unknown,unknown
孙翊,吴景,外甥,unknown,unknown
孙匡,吴景,外甥,unknown,unknown
孙策,吴景,外甥,吴,unknown
孙权,吴景,外甥,吴,unknown
孙坚,吴景,姐夫,unknown,unknown
穆皇后,吴懿,妹妹,unknown,unknown
吴匡,吴懿,叔父,unknown,unknown
刘瑁,吴懿,妹夫,unknown,unknown
刘备,吴懿,妹夫,蜀,unknown
夏侯充,夏侯,儿子,unknown,魏
夏侯,夏侯,儿子,unknown,魏
夏侯子臧,夏侯,儿子,unknown,魏
夏侯子江,夏侯,儿子,unknown,魏
夏侯廉,夏侯,弟弟,unknown,魏
夏侯佐,夏侯,孙子,unknown,魏
夏侯M,夏侯,孙子,unknown,魏
夏侯劭,夏侯,曾孙子,unknown,魏
田畴,夏侯,好友,魏,魏
曹操,夏侯,亲家公,魏,魏
刘夫人,夏侯,亲家母,unknown,魏
夏侯惠,夏侯渊,儿子,unknown,魏
夏侯霸,夏侯渊,儿子,unknown,魏
夏侯和,夏侯渊,儿子,unknown,魏
夏侯荣,夏侯渊,儿子,unknown,魏
夏侯称,夏侯渊,儿子,unknown,魏
夏侯衡,夏侯渊,儿子,unknown,魏
夏侯威,夏侯渊,儿子,unknown,魏
夏侯庄,夏侯渊,孙子,unknown,魏
夏侯骏,夏侯渊,孙子,unknown,魏
夏侯绩,夏侯渊,孙子,unknown,魏
夏侯夫人,夏侯渊,侄女,unknown,魏
夏侯淳,夏侯渊,曾孙子,unknown,魏
夏侯褒,夏侯渊,曾孙子,unknown,魏
夏侯湛,夏侯渊,曾孙子,unknown,魏
夏侯光姬,夏侯渊,曾孙女,unknown,魏
曹操,夏侯渊,连襟,魏,魏
周瑜,小乔,丈夫,吴,unknown
周胤,小乔,儿子,unknown,unknown
周妃,小乔,女儿,unknown,unknown
桥公,小乔,父亲,unknown,unknown
大乔,小乔,姐姐,unknown,unknown
周异,小乔,公公,unknown,unknown
孙登,小乔,女婿,unknown,unknown
孙鲁班,小乔,儿媳,unknown,unknown
孙绍,小乔,外甥,unknown,unknown
孙策,小乔,姐夫,吴,unknown
步练师,小乔,亲家母,unknown,unknown
张目,谢芳,丈夫,unknown,unknown
孙权,徐夫人,丈夫,吴,unknown
徐琨,徐夫人,父亲,unknown,unknown
孙登,徐夫人,养子,unknown,unknown
徐真,徐夫人,祖父,unknown,unknown
孙坚,徐夫人,公公,unknown,unknown
徐盖,徐晃,儿子,unknown,魏
徐霸,徐晃,孙子,unknown,魏
关羽,徐晃,好友,蜀,魏
徐武,徐邈,儿子,unknown,unknown
王矩,徐邈,外孙子,unknown,unknown
王畅,徐邈,外孙子,unknown,unknown
王F,徐邈,女婿,unknown,unknown
王粹,徐邈,外曾孙子,unknown,unknown
徐楷,徐盛,儿子,unknown,吴
司马徽,徐庶,好友,unknown,蜀
石韬,徐庶,好友,unknown,蜀
诸葛亮,徐庶,好友,蜀,蜀
向朗,徐庶,好友,unknown,蜀
孟建,徐庶,好友,unknown,蜀
崔钧,徐庶,好友,unknown,蜀
黄承彦,徐庶,好友,unknown,蜀
许仪,许褚,儿子,unknown,魏
许定,许褚,哥哥,unknown,魏
许综,许褚,孙子,unknown,魏
许钦,许靖,儿子,unknown,蜀
许游,许靖,孙子,unknown,蜀
许劭,许靖,堂弟,unknown,蜀
许贡,许靖,好友,unknown,蜀
袁涣,许靖,好友,unknown,蜀
华歆,许靖,好友,魏,蜀
王朗,许靖,好友,魏,蜀
陈群,许靖,好友,魏,蜀
刘备,许靖,学生,蜀,蜀
阮氏女,许允,妻子,unknown,unknown
许奇,许允,儿子,unknown,unknown
许猛,许允,儿子,unknown,unknown
许遐,许允,孙子,unknown,unknown
薛兼,薛莹,儿子,unknown,unknown
薛综,薛莹,父亲,unknown,unknown
薛,薛莹,哥哥,unknown,unknown
荀缉,荀攸,儿子,unknown,魏
荀适,荀攸,儿子,unknown,魏
荀彝,荀攸,父亲,unknown,魏
荀昙,荀攸,祖父,unknown,魏
荀彪,荀攸,孙子,unknown,魏
荀,荀攸,叔父,魏,魏
荀衍,荀攸,叔父,unknown,魏
荀谌,荀攸,叔父,群雄,魏
荀衢,荀攸,叔父,unknown,魏
荀祈,荀攸,堂弟,unknown,魏
锺繇,荀攸,好友,unknown,魏
朱建平,荀攸,好友,unknown,魏
荀俣,荀,儿子,unknown,魏
荀诜,荀,儿子,unknown,魏
荀粲,荀,儿子,unknown,魏
荀,荀,儿子,unknown,魏
荀恽,荀,儿子,unknown,魏
荀绲,荀,父亲,unknown,魏
荀衍,荀,哥哥,unknown,魏
荀谌,荀,弟弟,群雄,魏
荀淑,荀,祖父,unknown,魏
唐衡,荀,岳父,unknown,魏
荀寓,荀,孙子,unknown,魏
荀J,荀,孙子,unknown,魏
荀],荀,孙子,unknown,魏
陈泰,荀,外孙子,unknown,魏
安阳公主,荀,儿媳,unknown,魏
荀爽,荀,叔父,unknown,魏
荀攸,荀,侄子,魏,魏
荀闳,荀,侄子,unknown,魏
荀,荀,曾孙子,unknown,魏
荀悝,荀,曾孙子,unknown,魏
荀羽,荀,曾孙子,unknown,魏
曹操,荀,亲家公,魏,魏
曹洪,荀,亲家公,魏,魏
锺繇,荀,好友,unknown,魏
羊m,羊祜,父亲,unknown,unknown
蔡贞姬,羊祜,母亲,unknown,unknown
羊徽瑜,羊祜,姐姐,unknown,unknown
羊续,羊祜,祖父,unknown,unknown
蔡邕,羊祜,外祖父,unknown,unknown
夏侯霸,羊祜,岳父,unknown,unknown
蔡文姬,羊祜,姨母,unknown,unknown
羊秉,羊祜,侄子,unknown,unknown
司马师,羊祜,姐夫,unknown,unknown
辛宪英,羊祜,婶母,unknown,unknown
杨松,杨柏,哥哥,unknown,unknown
曹植,杨俊,好友,魏,unknown
边让,杨俊,老师,unknown,unknown
杨芷,杨骏,女儿,unknown,unknown
杨珧,杨骏,弟弟,unknown,unknown
杨济,杨骏,弟弟,unknown,unknown
杨众,杨骏,祖父,unknown,unknown
裴瓒,杨骏,女婿,unknown,unknown
司马炎,杨骏,女婿,unknown,unknown
李斌,杨骏,外甥,unknown,unknown
司马衷,杨骏,学生,unknown,unknown
朱一龙,杨蓉,好友,unknown,unknown
陈晓,杨蓉,好友,unknown,unknown
杨嚣,杨修,儿子,unknown,魏
杨彪,杨修,父亲,unknown,魏
杨赐,杨修,祖父,unknown,魏
杨准,杨修,孙子,unknown,魏
杨秉,杨修,曾祖父,unknown,魏
曹植,杨修,好友,魏,魏
司马炎,杨艳,丈夫,unknown,unknown
司马轨,杨艳,儿子,unknown,unknown
司马柬,杨艳,儿子,unknown,unknown
司马衷,杨艳,儿子,unknown,unknown
新丰公主,杨艳,女儿,unknown,unknown
阳平公主,杨艳,女儿,unknown,unknown
平阳公主,杨艳,女儿,unknown,unknown
杨炳,杨艳,父亲,unknown,unknown
司马y,杨艳,孙子,unknown,unknown
临海公主,杨艳,孙女,unknown,unknown
始平公主,杨艳,孙女,unknown,unknown
司马女彦,杨艳,孙女,unknown,unknown
河东公主,杨艳,孙女,unknown,unknown
贾南风,杨艳,儿媳,unknown,unknown
赵俊,杨艳,舅父,unknown,unknown
司马广德,杨艳,小叔子,unknown,unknown
杨芷,杨艳,堂妹,unknown,unknown
司马炎,杨芷,丈夫,unknown,unknown
司马恢,杨芷,儿子,unknown,unknown
杨骏,杨芷,父亲,unknown,unknown
杨济,杨芷,叔父,unknown,unknown
杨珧,杨芷,叔父,unknown,unknown
司马兆,杨芷,小叔子,unknown,unknown
杨艳,杨芷,堂姐,unknown,unknown
尹宗,尹默,儿子,unknown,unknown
宋忠,尹默,老师,unknown,unknown
司马徽,尹默,老师,unknown,unknown
刘禅,尹默,学生,蜀,unknown
于圭,于禁,儿子,unknown,魏
昌g,于禁,好友,unknown,魏
刘夫人,袁绍,妻子,unknown,群雄
袁谭,袁绍,儿子,群雄,群雄
袁熙,袁绍,儿子,群雄,群雄
袁尚,袁绍,儿子,群雄,群雄
袁逢,袁绍,父亲,unknown,群雄
袁基,袁绍,哥哥,unknown,群雄
袁术,袁绍,弟弟,群雄,群雄
袁汤,袁绍,祖父,unknown,群雄
袁隗,袁绍,叔父,unknown,群雄
袁d,袁绍,侄子,unknown,群雄
高干,袁绍,外甥,群雄,群雄
袁京,袁绍,曾祖父,unknown,群雄
袁遗,袁绍,堂兄,群雄,群雄
袁叙,袁绍,堂弟,unknown,群雄
袁胤,袁绍,堂弟,unknown,群雄
许攸,袁绍,好友,群雄,群雄
何J,袁绍,好友,unknown,群雄
张邈,袁绍,好友,群雄,群雄
冯方女,袁术,妻子,unknown,群雄
袁d,袁术,儿子,unknown,群雄
袁夫人,袁术,女儿,unknown,群雄
袁逢,袁术,父亲,unknown,群雄
袁绍,袁术,哥哥,群雄,群雄
袁基,袁术,哥哥,unknown,群雄
袁汤,袁术,祖父,unknown,群雄
孙权,袁术,女婿,吴,群雄
黄猗,袁术,女婿,unknown,群雄
袁成,袁术,伯父,unknown,群雄
袁尚,袁术,侄子,群雄,群雄
刘夫人,袁术,嫂子,unknown,群雄
袁遗,袁术,堂兄,群雄,群雄
袁叙,袁术,堂弟,unknown,群雄
袁胤,袁术,堂弟,unknown,群雄
陈,袁术,好友,unknown,群雄
张遵,张苞,儿子,unknown,蜀
张飞,张苞,父亲,蜀,蜀
张绍,张苞,弟弟,unknown,蜀
张凯武,张苞,侄子,unknown,蜀
司马懿,张春华,丈夫,魏,unknown
司马昭,张春华,儿子,unknown,unknown
司马干,张春华,儿子,unknown,unknown
司马师,张春华,儿子,unknown,unknown
南阳公主,张春华,女儿,unknown,unknown
张汪,张春华,父亲,unknown,unknown
司马防,张春华,公公,unknown,unknown
司马兆,张春华,孙子,unknown,unknown
司马定国,张春华,孙子,unknown,unknown
司马鉴,张春华,孙子,unknown,unknown
司马广德,张春华,孙子,unknown,unknown
司马永祚,张春华,孙子,unknown,unknown
司马攸,张春华,孙子,unknown,unknown
司马延祚,张春华,孙子,unknown,unknown
司马机,张春华,孙子,unknown,unknown
司马广,张春华,孙子,unknown,unknown
司马炎,张春华,孙子,unknown,unknown
京兆公主,张春华,孙女,unknown,unknown
常山公主,张春华,孙女,unknown,unknown
荀恺,张春华,外孙子,unknown,unknown
荀悝,张春华,外孙子,unknown,unknown
荀J,张春华,女婿,unknown,unknown
王元姬,张春华,儿媳,unknown,unknown
羊徽瑜,张春华,儿媳,unknown,unknown
夏侯徽,张春华,儿媳,unknown,unknown
司马轨,张春华,曾孙子,unknown,unknown
司马籍,张春华,曾孙子,unknown,unknown
司马蕤,张春华,曾孙子,unknown,unknown
司马赞,张春华,曾孙子,unknown,unknown
司马,张春华,曾孙子,unknown,unknown
司马,张春华,曾孙子,unknown,unknown
司马允,张春华,曾孙子,unknown,unknown
司马衷,张春华,曾孙子,unknown,unknown
司马晏,张春华,曾孙子,unknown,unknown
荀恽,张春华,亲家公,unknown,unknown
王肃,张春华,亲家公,unknown,unknown
夏侯尚,张春华,亲家公,魏,unknown
羊m,张春华,亲家公,unknown,unknown
安阳公主,张春华,亲家母,unknown,unknown
司马通,张春华,小叔子,unknown,unknown
张延,张范,父亲,unknown,unknown
张承,张范,兄弟,unknown,unknown
夏侯夫人,张飞,妻子,unknown,蜀
张苞,张飞,儿子,蜀,蜀
张绍,张飞,儿子,unknown,蜀
张皇后,张飞,女儿,unknown,蜀
敬哀皇后,张飞,女儿,unknown,蜀
张遵,张飞,孙子,unknown,蜀
张凯武,张飞,孙子,unknown,蜀
刘禅,张飞,女婿,蜀,蜀
刘备,张飞,亲家公,蜀,蜀
甘夫人,张飞,亲家母,unknown,蜀
关羽,张飞,好友,蜀,蜀
张雄,张A,儿子,unknown,魏
柯蓝,张恒,好友,unknown,unknown
张玄,张,儿子,unknown,unknown
张尚,张,孙子,unknown,unknown
张虎,张辽,儿子,unknown,魏
张延浩,张辽,儿子,unknown,魏
张汛,张辽,哥哥,unknown,魏
张统,张辽,孙子,unknown,魏
关羽,张辽,好友,蜀,魏
张富,张鲁,儿子,unknown,群雄
张琪瑛,张鲁,女儿,unknown,群雄
张衡,张鲁,父亲,unknown,群雄
张卫,张鲁,弟弟,unknown,群雄
张道陵,张鲁,祖父,unknown,群雄
曹宇,张鲁,女婿,unknown,群雄
张凯武,张绍,儿子,unknown,unknown
张飞,张绍,父亲,蜀,unknown
张苞,张绍,哥哥,蜀,unknown
张遵,张绍,侄子,unknown,unknown
张松,张肃,弟弟,unknown,unknown
张翼,张微,父亲,蜀,unknown
张允,张温,父亲,群雄,unknown
张祗,张温,弟弟,unknown,unknown
张白,张温,弟弟,unknown,unknown
陆郁生,张温,弟媳,unknown,unknown
顾承,张温,妹夫,unknown,unknown
孙登,张温,学生,unknown,unknown
张泉,张绣,儿子,unknown,魏
曹均,张绣,女婿,unknown,魏
张济,张绣,叔父,群雄,魏
曹操,张绣,亲家公,魏,魏
刘表,张允,舅父,群雄,群雄
蔡夫人,张允,舅母,unknown,群雄
张承,张昭,儿子,unknown,吴
张休,张昭,儿子,unknown,吴
张震,张昭,孙子,unknown,吴
张妃,张昭,孙女,unknown,吴
张奋,张昭,侄子,unknown,吴
张],张昭,曾孙子,群雄,吴
诸葛瑾,张昭,亲家公,unknown,吴
白侯子安,张昭,老师,unknown,吴
赵昱,张昭,好友,unknown,吴
王朗,张昭,好友,魏,吴
孙策,张昭,好友,吴,吴
王异,赵昂,妻子,unknown,unknown
赵月,赵昂,儿子,unknown,unknown
赵云,赵广,父亲,蜀,unknown
赵统,赵广,哥哥,unknown,unknown
关樾,赵广,外甥,unknown,unknown
赵云,赵统,父亲,蜀,unknown
赵广,赵统,弟弟,unknown,unknown
关樾,赵统,外甥,unknown,unknown
关平,赵统,妹夫,蜀,unknown
赵昂,赵月,父亲,unknown,unknown
王异,赵月,母亲,unknown,unknown
赵广,赵云,儿子,unknown,蜀
赵统,赵云,儿子,unknown,蜀
关樾,赵云,外孙子,unknown,蜀
关平,赵云,女婿,蜀,蜀
刘备,赵云,义兄,蜀,蜀
关羽,赵云,亲家公,蜀,蜀
夏侯兰,赵云,好友,unknown,蜀
锺繇,钟会,父亲,unknown,魏
张昌蒲,钟会,母亲,unknown,魏
钟毅,钟会,养子,unknown,魏
钟毓,钟会,哥哥,unknown,魏
钟邕,钟会,侄子,unknown,魏
姜维,钟会,好友,蜀,魏
山涛,钟会,好友,unknown,魏
蒋斌,钟会,好友,unknown,魏
蒋显,钟会,好友,unknown,魏
钟骏,钟雅,祖父,unknown,unknown
钟毓,钟雅,曾祖父,unknown,unknown
钟毓,钟繇,儿子,unknown,魏
钟会,钟繇,儿子,魏,魏
钟琰,钟繇,曾孙女,unknown,魏
裴元绍,周仓,好友,群雄,蜀
周处,周鲂,儿子,unknown,吴
周勰,周鲂,曾孙子,unknown,吴
周承,周泰,儿子,unknown,吴
周邵,周泰,儿子,unknown,吴
周瑜,周胤,父亲,吴,unknown
小乔,周胤,母亲,unknown,unknown
周循,周胤,哥哥,unknown,unknown
周妃,周胤,妹妹,unknown,unknown
周异,周胤,祖父,unknown,unknown
桥公,周胤,外祖父,unknown,unknown
孙鲁班,周胤,嫂子,unknown,unknown
小乔,周瑜,妻子,unknown,吴
周循,周瑜,儿子,unknown,吴
周胤,周瑜,儿子,unknown,吴
周妃,周瑜,女儿,unknown,吴
周异,周瑜,父亲,unknown,吴
桥公,周瑜,岳父,unknown,吴
孙登,周瑜,女婿,unknown,吴
孙鲁班,周瑜,儿媳,unknown,吴
周忠,周瑜,叔父,unknown,吴
大乔,周瑜,大姨子,unknown,吴
孙权,周瑜,亲家公,吴,吴
步练师,周瑜,亲家母,unknown,吴
鲁肃,周瑜,好友,吴,吴
孙策,周瑜,好友,吴,吴
程普,周瑜,好友,吴,吴
蒋干,周瑜,同学,unknown,吴
周景,周瑜,堂祖父,unknown,吴
朱异,朱桓,儿子,unknown,吴
孙休,朱皇后,丈夫,unknown,unknown
孙N,朱皇后,儿子,unknown,unknown
孙雨单,朱皇后,儿子,unknown,unknown
孙,朱皇后,儿子,unknown,unknown
朱据,朱皇后,父亲,unknown,unknown
孙鲁育,朱皇后,母亲,unknown,unknown
孙权,朱皇后,外祖父,吴,unknown
步练师,朱皇后,外祖母,unknown,unknown
孙登,朱皇后,舅父,unknown,unknown
孙奋,朱皇后,舅父,unknown,unknown
孙虑,朱皇后,舅父,unknown,unknown
孙霸,朱皇后,舅父,unknown,unknown
孙和,朱皇后,舅父,unknown,unknown
孙鲁班,朱皇后,姨母,unknown,unknown
朱宣,朱皇后,侄子,unknown,unknown
全琮,朱皇后,姨夫,吴,unknown
周循,朱皇后,姨夫,unknown,unknown
全皇后,朱皇后,妯娌,unknown,unknown
周妃,朱皇后,妯娌,unknown,unknown
朱术,朱灵,儿子,unknown,魏
朱纪,朱治,儿子,unknown,unknown
朱才,朱治,儿子,unknown,unknown
朱琬,朱治,孙子,unknown,unknown
施绩,朱治,孙子,unknown,unknown
朱然,朱治,外甥,吴,unknown
诸葛融,诸葛瑾,儿子,unknown,unknown
诸葛乔,诸葛瑾,儿子,unknown,unknown
诸葛恪,诸葛瑾,儿子,吴,unknown
诸葛,诸葛瑾,父亲,unknown,unknown
诸葛均,诸葛瑾,弟弟,unknown,unknown
诸葛亮,诸葛瑾,弟弟,蜀,unknown
张妃,诸葛瑾,外孙女,unknown,unknown
张承,诸葛瑾,女婿,unknown,unknown
诸葛竦,诸葛瑾,孙子,unknown,unknown
诸葛建,诸葛瑾,孙子,unknown,unknown
诸葛攀,诸葛瑾,孙子,unknown,unknown
诸葛绰,诸葛瑾,孙子,unknown,unknown
诸葛怀,诸葛瑾,侄子,unknown,unknown
诸葛瞻,诸葛瑾,侄子,unknown,unknown
诸葛果,诸葛瑾,侄女,unknown,unknown
诸葛显,诸葛瑾,曾孙子,unknown,unknown
黄月英,诸葛瑾,弟媳,unknown,unknown
张昭,诸葛瑾,亲家公,吴,unknown
诸葛诞,诸葛瑾,堂弟,魏,unknown
鲁肃,诸葛瑾,好友,吴,unknown
步骘,诸葛瑾,好友,unknown,unknown
严,诸葛瑾,好友,unknown,unknown
孙权,诸葛瑾,好友,吴,unknown
孙皎,诸葛瑾,好友,unknown,unknown
黄月英,诸葛亮,妻子,unknown,蜀
诸葛怀,诸葛亮,儿子,unknown,蜀
诸葛瞻,诸葛亮,儿子,unknown,蜀
诸葛果,诸葛亮,女儿,unknown,蜀
诸葛,诸葛亮,父亲,unknown,蜀
诸葛乔,诸葛亮,养子,unknown,蜀
诸葛瑾,诸葛亮,哥哥,unknown,蜀
诸葛均,诸葛亮,弟弟,unknown,蜀
黄承彦,诸葛亮,岳父,unknown,蜀
诸葛尚,诸葛亮,孙子,unknown,蜀
诸葛京,诸葛亮,孙子,unknown,蜀
诸葛质,诸葛亮,孙子,unknown,蜀
诸葛融,诸葛亮,侄子,unknown,蜀
诸葛恪,诸葛亮,侄子,吴,蜀
庞涣,诸葛亮,外甥,unknown,蜀
蒯祺,诸葛亮,姐夫,unknown,蜀
庞山民,诸葛亮,姐夫,unknown,蜀
诸葛诞,诸葛亮,堂弟,魏,蜀
刘禅,诸葛亮,亲家公,蜀,蜀
石韬,诸葛亮,好友,unknown,蜀
徐庶,诸葛亮,好友,蜀,蜀
鲁肃,诸葛亮,好友,吴,蜀
孟建,诸葛亮,好友,unknown,蜀
崔钧,诸葛亮,好友,unknown,蜀
马谡,诸葛亮,好友,蜀,蜀
公玖,诸葛亮,老师,unknown,蜀
姜维,诸葛亮,学生,蜀,蜀
孟获,祝融夫人,丈夫,unknown,unknown
带来洞主,祝融夫人,弟弟,unknown,unknown
关索,祝融夫人,女婿,蜀,unknown
孟节,祝融夫人,大伯哥,unknown,unknown
孟优,祝融夫人,小叔子,蜀,unknown
葛玄,左慈,学生,unknown,unknown
鲍靓,左慈,学生,unknown,unknown
